Time,A/F Correction #1 (%),A/F Learning #1 (%),A/F Sensor #1 (AFR),Accelerator Pedal Angle (%),Boost Error* (bar),Coolant Temperature (C),Engine Speed (rpm),Exhaust VVT Advance Angle Left (degrees),Exhaust VVT Advance Angle Right (degrees),Feedback Knock Correction (1-byte)** (degrees),Final Fueling Base (2-byte)* (estimated AFR),Fine Learning Knock Correction (degrees),Fuel Injector #1 Pulse Width (ms),Gear (Calculated)* (position),IAM (multiplier),Ignition Total Timing (degrees),Injector Duty Cycle (%),Intake Air Temperature (C),Intake VVT Advance Angle Left (degrees),Intake VVT Advance Angle Right (degrees),Knock Sum* (count),Manifold Absolute Pressure (bar),Manifold Relative Pressure (bar),Mass Airflow (g/s),Primary Wastegate Duty Cycle (%),Throttle Opening Angle (%),Vehicle Speed (km/h)
0,0.78,-5.47,14.70,38.43,0.090,84,2135,19,19,0.00,14.20,0.00,6.91,1,1.0000,16.00,12.30,13,19,20,15,1.080,0.070,44.88,1.57,26.67,12
31,0.78,-5.47,14.70,38.43,0.073,84,2154,20,19,0.00,14.20,0.00,6.91,1,1.0000,16.00,12.41,13,20,20,15,1.090,0.080,45.44,1.57,26.67,12
78,1.56,-5.47,14.81,38.43,0.073,84,2165,20,19,0.00,14.20,0.00,7.17,1,1.0000,16.00,12.93,13,20,21,15,1.100,0.090,46.73,1.57,27.06,13
129,2.34,-5.47,14.93,38.43,0.058,84,2205,20,20,0.00,14.22,0.00,7.42,1,1.0000,16.50,13.64,13,21,21,15,1.110,0.100,48.73,1.57,27.45,13
159,0.00,-5.47,14.93,38.43,0.038,84,2268,21,20,0.00,13.93,0.00,7.68,1,1.0000,17.00,14.52,13,22,22,15,1.130,0.120,50.59,1.57,27.45,14
187,0.00,-5.47,14.70,38.43,0.038,84,2304,22,20,0.00,13.93,0.00,7.68,1,1.0000,17.00,14.74,13,23,22,15,1.130,0.130,51.30,1.57,27.45,14
238,0.00,-5.47,14.59,38.04,0.022,84,2338,23,21,0.00,13.84,0.00,7.68,1,1.0000,17.50,14.96,13,23,22,15,1.140,0.130,52.03,1.57,27.45,15
284,0.00,-5.47,14.36,36.86,0.003,84,2399,25,22,0.00,13.82,0.00,7.94,1,1.0000,18.50,15.87,13,25,24,15,1.150,0.140,56.23,1.18,27.06,15
313,0.00,-5.47,14.24,29.80,0.003,84,2462,26,23,0.00,13.82,0.00,8.19,1,1.0000,19.00,16.81,13,26,25,15,1.160,0.150,57.25,1.18,26.27,16
344,0.00,-5.47,14.13,21.18,-0.081,84,2470,26,24,0.00,13.67,0.00,8.19,1,1.0000,19.00,16.86,13,27,27,15,1.160,0.160,58.12,0.78,25.49,16
373,0.00,-5.47,14.01,8.24,-0.081,84,2492,27,24,0.00,13.67,0.00,8.19,1,1.0000,19.00,17.02,13,28,27,15,1.160,0.150,58.12,0.78,21.57,17
399,0.00,-5.47,14.01,3.14,-0.766,84,2540,27,25,0.00,13.76,0.00,7.17,1,1.0000,20.50,15.18,13,29,28,15,1.060,0.060,50.46,0.00,15.69,17
427,0.00,-5.47,13.90,1.18,-0.766,84,2525,28,25,0.00,13.76,0.00,6.40,1,1.0000,22.00,13.47,13,30,29,15,0.970,-0.030,37.44,0.00,12.16,17
453,0.00,-5.47,13.67,0.78,-0.534,84,2502,29,25,0.00,17.23,0.00,5.63,1,1.0000,24.50,11.75,13,31,30,15,0.900,-0.100,20.23,0.00,11.37,18
479,-0.78,-5.47,13.44,1.18,-0.534,84,2466,29,26,0.00,17.23,0.00,4.86,1,1.0000,28.00,10.00,13,32,31,15,0.840,-0.160,17.68,0.00,10.59,18
507,-4.69,-5.47,13.09,1.96,-0.534,84,2390,29,26,0.00,17.23,0.00,4.35,1,1.0000,35.00,8.67,13,33,33,15,0.770,-0.230,15.89,0.00,10.59,18
533,-6.25,-5.47,12.98,2.75,-0.425,84,2356,29,26,0.00,16.37,0.00,3.84,1,1.0000,39.00,7.54,13,34,33,15,0.760,-0.250,13.58,0.00,10.20,19
565,-8.59,-5.47,12.75,3.92,-0.425,84,2315,28,26,0.00,16.37,0.00,3.84,1,1.0000,41.50,7.41,13,34,33,15,0.700,-0.310,13.04,0.00,9.80,19
593,-10.94,-5.47,12.52,7.45,-0.358,84,2279,28,25,0.00,15.95,0.00,3.07,1,1.0000,43.50,5.83,13,34,33,15,0.690,-0.320,11.44,0.00,9.41,19
630,-13.28,-5.47,12.40,15.29,-0.358,84,2247,27,24,0.00,15.95,0.00,2.56,1,1.0000,45.50,4.79,13,33,32,15,0.650,-0.350,10.21,0.00,10.20,19
679,-13.28,-4.69,12.52,21.57,0.181,84,2224,25,24,0.00,15.13,0.00,2.56,1,1.0000,48.00,4.74,13,30,32,15,0.630,-0.370,12.12,0.00,15.29,20
728,-12.50,-4.69,12.75,26.67,0.249,84,2200,25,23,0.00,12.23,0.00,4.10,1,1.0000,41.50,7.51,13,27,28,15,0.840,-0.170,47.05,0.00,22.35,20
768,-14.06,-5.47,13.21,29.41,0.249,84,2205,23,21,0.00,12.23,0.00,5.12,1,1.0000,32.50,9.41,13,25,25,15,0.960,-0.050,49.16,0.00,25.10,20
796,-14.06,-5.47,13.55,30.98,0.115,84,2260,22,21,0.00,13.24,0.00,5.38,1,1.0000,28.50,10.13,13,23,23,15,1.010,0.000,51.02,0.00,25.88,20
824,-13.28,-5.47,13.78,31.76,0.115,84,2296,22,20,0.00,13.24,0.00,5.63,1,1.0000,16.50,10.77,13,23,23,15,1.030,0.020,49.73,0.00,25.88,20
861,-12.50,-5.47,14.13,31.76,0.069,84,2286,22,20,0.00,14.16,0.00,5.89,1,1.0000,15.50,11.22,13,24,24,15,1.050,0.040,49.44,0.00,25.88,20
897,-11.72,-5.47,14.47,31.76,0.069,84,2298,22,20,0.00,14.16,0.00,6.14,1,1.0000,15.00,11.76,13,25,25,15,1.060,0.050,50.02,0.00,25.88,20
934,-10.16,-5.47,14.93,31.37,0.048,84,2294,22,20,0.00,14.56,0.00,6.40,1,1.0000,14.50,12.24,13,28,27,15,1.070,0.060,50.73,0.00,25.88,20
978,0.00,-5.47,15.50,30.98,0.021,84,2295,22,20,0.00,14.16,0.00,7.42,1,1.0000,14.00,14.20,13,29,30,15,1.080,0.080,51.88,0.00,25.88,20
1009,0.00,-5.47,16.54,31.37,0.021,84,2337,24,22,0.00,14.16,0.00,7.68,1,1.0000,14.00,14.96,13,32,31,15,1.100,0.090,53.04,0.00,25.88,21
1064,0.00,-5.47,17.00,31.76,0.002,84,2348,25,23,0.00,14.05,0.00,7.68,1,1.0000,14.00,15.03,13,33,34,15,1.110,0.100,53.47,0.00,25.88,21
1101,0.00,-5.47,16.54,38.43,0.030,84,2394,27,26,0.00,14.02,0.00,7.94,1,1.0000,13.50,15.83,13,35,36,15,1.120,0.110,56.52,0.39,25.88,21
1149,0.00,-5.47,15.85,41.57,0.030,84,2447,29,27,0.00,14.02,0.00,8.19,1,1.0000,13.50,16.70,13,37,38,15,1.140,0.130,57.54,0.39,26.27,21
1175,0.00,-5.47,15.04,45.10,0.066,84,2471,31,28,0.00,13.53,0.00,8.45,1,1.0000,13.00,17.40,13,39,39,15,1.170,0.160,59.67,0.78,27.06,22
1231,0.00,-5.47,14.70,45.88,0.066,84,2500,32,29,0.00,13.53,0.00,8.70,1,1.0000,12.50,18.13,13,39,39,15,1.180,0.170,61.29,0.78,27.06,22
1280,0.00,-5.47,14.24,47.06,0.064,84,2521,33,30,0.00,13.37,0.00,8.96,1,1.0000,12.00,18.82,13,40,40,15,1.220,0.210,63.71,0.78,28.24,22
1308,0.00,-5.47,13.78,48.24,0.059,84,2548,35,32,0.00,13.15,0.00,8.96,1,1.0000,11.50,19.03,13,41,41,15,1.250,0.240,65.66,0.78,28.63,23
1346,0.00,-5.47,13.67,48.24,0.059,84,2595,35,32,0.00,13.15,0.00,9.22,1,1.0000,11.50,19.93,13,41,40,15,1.270,0.260,67.14,0.78,28.63,23
1385,0.00,-5.47,13.44,47.84,0.044,84,2598,36,33,0.00,13.01,0.00,9.22,1,1.0000,11.50,19.95,13,40,40,15,1.280,0.280,69.69,0.78,29.41,23
1431,0.00,-5.47,13.32,47.84,0.015,84,2641,36,34,0.00,13.07,0.00,9.22,1,1.0000,11.50,20.28,13,40,40,15,1.300,0.300,71.22,0.78,29.02,23
1478,0.00,-5.47,13.21,47.45,0.015,84,2650,36,34,0.00,13.07,0.00,9.47,1,1.0000,11.00,20.92,13,40,40,15,1.320,0.310,72.24,0.78,29.02,24
1508,0.00,-5.47,13.21,47.06,-0.018,84,2666,36,34,0.00,13.00,0.00,9.73,1,1.0000,10.50,21.61,13,40,40,15,1.350,0.340,75.03,0.78,29.02,24
1545,0.00,-5.47,13.21,46.27,-0.060,84,2662,35,34,0.00,12.88,0.00,9.98,1,1.0000,10.00,22.14,13,40,40,15,1.360,0.350,76.51,0.39,29.02,24
1573,0.00,-5.47,13.21,41.96,-0.060,84,2675,35,34,0.00,12.88,0.00,10.24,1,1.0000,9.50,22.83,13,40,40,15,1.370,0.360,77.14,0.39,27.84,25
1599,0.00,-5.47,13.09,40.39,-0.133,84,2693,35,34,0.00,12.71,0.00,10.24,1,1.0000,9.50,22.98,13,40,40,15,1.370,0.360,78.19,0.00,27.06,25
1632,0.00,-5.47,13.09,40.00,-0.133,84,2700,35,34,0.00,12.71,0.00,10.24,1,1.0000,10.00,23.04,13,40,40,15,1.370,0.360,76.09,0.00,27.06,25
1671,0.00,-5.47,12.98,39.61,-0.130,84,2723,34,33,0.00,12.67,0.00,10.24,1,1.0000,11.00,23.24,13,40,39,15,1.370,0.360,76.09,0.00,26.67,26
1697,0.00,-5.47,12.86,40.00,-0.130,84,2762,34,33,0.00,12.67,0.00,10.24,1,1.0000,13.00,23.57,13,39,39,15,1.370,0.360,75.88,0.00,26.67,26
1723,0.00,-5.47,12.86,40.39,-0.130,84,2784,34,33,0.00,12.67,0.00,10.24,1,1.0000,14.00,23.76,13,39,39,15,1.360,0.360,75.45,0.00,26.67,26
1751,0.00,-5.47,12.75,40.39,-0.110,84,2790,33,33,0.00,12.59,0.00,9.98,1,1.0000,12.50,23.22,13,38,38,15,1.360,0.360,75.88,0.00,26.27,27
1777,0.00,-5.47,12.75,40.39,-0.110,84,2799,33,32,0.00,12.59,0.00,9.98,1,1.0000,15.50,23.29,13,38,38,15,1.360,0.350,75.24,0.00,26.67,27
1803,0.00,-5.47,12.75,40.39,-0.100,84,2850,32,32,0.00,12.61,0.00,9.98,1,1.0000,19.00,23.71,13,38,38,15,1.360,0.350,76.72,0.00,26.67,27
1829,0.00,-5.47,12.63,40.39,-0.100,84,2872,32,32,0.00,12.61,0.00,9.73,1,1.0000,22.50,23.29,13,38,38,15,1.350,0.350,74.65,0.00,26.67,28
1856,0.00,-5.47,12.75,40.39,-0.082,84,2900,32,32,0.00,12.67,0.00,9.73,1,1.0000,23.00,23.51,13,38,38,15,1.350,0.340,75.03,0.00,27.06,28
1883,0.00,-5.47,12.63,40.39,-0.082,84,2923,31,31,0.00,12.67,0.00,9.47,1,1.0000,23.00,23.07,13,38,38,15,1.350,0.340,75.45,0.00,27.06,28
1909,0.00,-5.47,12.63,40.39,-0.082,84,2960,30,30,0.00,12.67,0.00,9.47,1,1.0000,23.50,23.37,13,38,38,15,1.350,0.340,76.72,0.00,27.45,28
1936,0.00,-5.47,12.63,40.00,-0.073,84,2969,30,30,0.00,12.71,0.00,9.47,1,1.0000,23.50,23.44,13,39,39,15,1.350,0.340,77.35,0.00,27.45,29
1963,0.00,-5.47,12.75,38.43,-0.073,84,2988,29,29,0.00,12.71,0.00,9.47,1,1.0000,23.50,23.58,13,39,39,15,1.340,0.340,79.46,0.00,27.45,29
1991,0.00,-5.47,12.75,36.86,-0.094,84,3023,28,29,0.00,12.68,0.00,9.73,1,1.0000,23.50,24.51,13,40,39,15,1.340,0.330,80.93,0.00,27.45,29
2017,0.00,-5.47,12.75,35.69,-0.094,84,3029,28,29,0.00,12.68,0.00,9.73,1,1.0000,23.50,24.56,13,40,40,15,1.340,0.330,81.35,0.00,27.45,29
2065,0.00,-5.47,12.86,34.51,-0.094,84,3040,27,28,0.00,12.68,0.00,9.73,1,1.0000,23.50,24.64,13,40,40,15,1.330,0.330,81.98,0.00,26.67,30
2093,0.00,-5.47,12.75,34.51,-0.119,84,3072,26,27,0.00,12.64,0.00,9.73,1,1.0000,23.50,24.90,13,41,40,15,1.320,0.310,80.93,0.00,26.67,31
2119,0.00,-5.47,12.75,34.90,-0.104,84,3077,26,26,0.00,12.66,0.00,9.73,1,1.0000,23.50,24.94,13,41,41,15,1.310,0.310,81.77,0.00,26.67,31
2162,0.00,-5.47,12.63,35.29,-0.104,84,3100,25,26,0.00,12.66,0.00,9.73,1,1.0000,24.00,25.13,13,41,40,15,1.310,0.310,81.56,0.00,26.67,31
2200,0.00,-5.47,12.52,35.29,-0.095,84,3094,24,25,0.00,12.67,0.00,9.73,1,1.0000,24.00,25.08,13,41,40,15,1.310,0.310,80.93,0.00,26.67,32
2229,0.00,-5.47,12.52,34.90,-0.095,84,3120,23,24,0.00,12.67,0.00,9.47,1,1.0000,24.00,24.63,13,40,40,15,1.310,0.300,81.56,0.00,26.67,32
2257,0.00,-5.47,12.52,34.12,-0.091,84,3106,23,23,0.00,12.70,0.00,9.47,1,1.0000,24.00,24.51,13,41,40,15,1.310,0.300,81.77,0.00,26.67,32
2289,0.00,-5.47,12.40,30.59,-0.091,84,3126,23,23,0.00,12.70,0.00,9.47,1,1.0000,24.00,24.68,13,40,41,15,1.310,0.300,82.62,0.00,26.67,33
2326,0.00,-5.47,12.52,25.49,-0.189,84,3134,23,23,0.00,12.70,0.00,9.47,1,1.0000,24.00,24.74,13,40,41,15,1.300,0.300,80.93,0.00,26.27,33
2362,0.00,-5.47,12.52,18.43,-0.189,84,3135,22,23,0.00,12.70,0.00,9.22,1,1.0000,24.00,24.07,13,40,40,15,1.290,0.280,80.09,0.00,23.53,33
2404,0.00,-5.47,12.52,7.06,-0.703,84,3102,22,22,0.00,13.63,0.00,7.94,1,1.0000,25.00,20.52,13,41,40,15,1.180,0.180,69.86,0.00,18.43,34
2432,0.00,-5.47,12.29,0.00,-0.642,84,3054,22,22,0.00,15.40,0.00,6.66,1,1.0000,27.00,16.94,13,41,41,15,1.010,0.000,37.66,0.00,14.12,34
2461,0.00,-5.47,12.17,0.00,-0.642,84,2998,22,21,0.00,15.40,0.00,5.63,1,1.0000,30.00,14.07,13,41,40,15,0.950,-0.060,27.51,0.00,12.94,35
2499,-1.56,-5.47,11.94,0.00,-0.642,84,2882,21,21,0.00,15.40,0.00,4.61,1,1.0000,35.00,11.07,13,41,40,15,0.870,-0.140,21.64,0.00,11.76,35
2529,-8.59,-5.47,11.71,0.00,-0.510,84,2748,20,21,0.00,14.70,0.00,3.58,1,1.0000,40.50,8.21,13,40,39,15,0.780,-0.220,14.92,0.00,10.59,35
2565,-10.94,-5.47,11.48,0.00,-0.510,84,2687,18,15,0.00,14.70,0.00,3.07,1,1.0000,40.00,6.88,13,37,36,15,0.730,-0.270,13.62,0.00,10.20,35
2614,0.00,-5.47,11.25,0.00,-0.362,84,2598,9,9,0.00,16.45,0.00,0.77,1,1.0000,40.50,1.66,13,28,26,15,0.630,-0.380,11.04,0.00,9.80,36
2679,0.00,-4.69,11.48,0.00,-0.262,84,2488,3,3,0.00,15.85,0.00,0.77,1,1.0000,40.00,1.59,13,16,12,15,0.570,-0.430,9.18,0.00,9.02,36
2709,0.00,-4.69,11.94,0.00,-0.226,84,2442,1,2,0.00,15.28,0.00,0.77,1,1.0000,37.00,1.56,13,2,3,15,0.500,-0.500,7.77,0.00,8.63,36
2746,0.00,-4.69,12.17,0.00,-0.226,84,2424,1,2,0.00,15.28,0.00,0.77,1,1.0000,36.00,1.55,13,1,1,15,0.480,-0.530,7.69,0.00,8.63,36
2773,0.00,-4.69,12.40,0.00,-0.175,84,2404,1,2,0.00,15.11,0.00,0.77,2,1.0000,33.50,1.54,13,0,0,15,0.450,-0.560,7.03,0.00,7.84,36
2799,0.00,-4.69,12.63,0.00,-0.175,84,2371,1,2,0.00,15.11,0.00,0.77,2,1.0000,32.50,1.52,13,0,0,15,0.420,-0.580,6.43,0.00,7.84,36
2836,0.00,-4.69,12.86,0.00,-0.125,84,2352,1,1,0.00,15.04,0.00,0.77,2,1.0000,30.50,1.51,13,0,0,15,0.400,-0.610,5.12,0.00,7.45,36
2885,0.00,-6.25,13.09,0.00,-0.125,84,2329,1,2,0.00,15.04,0.00,0.77,2,1.0000,29.50,1.49,13,0,0,15,0.380,-0.630,5.58,0.00,7.06,36
2912,0.00,-6.25,13.55,0.00,-0.082,84,2292,1,2,0.00,14.92,0.00,0.77,2,1.0000,27.00,1.47,13,0,0,15,0.350,-0.660,5.26,0.00,7.06,36
2941,0.00,-6.25,13.78,2.75,-0.082,84,2282,1,2,0.00,14.92,0.00,1.54,2,1.0000,27.00,2.92,13,0,0,15,0.330,-0.670,5.15,0.00,7.06,36
2981,0.00,-6.25,14.13,13.33,-0.034,84,2254,1,2,0.00,14.84,0.00,1.54,2,1.0000,28.00,2.89,13,0,0,15,0.320,-0.680,5.22,0.00,7.06,36
3029,0.00,-6.25,14.47,24.71,0.680,84,2259,1,2,0.00,14.70,0.00,1.54,2,1.0000,29.50,2.89,13,2,1,15,0.310,-0.690,5.26,0.00,13.33,36
3065,0.00,-6.25,15.16,35.29,0.680,84,2281,1,2,0.00,14.70,0.00,3.58,2,1.0000,32.50,6.81,13,6,6,15,0.540,-0.470,35.99,0.00,23.14,35
3092,0.00,-5.47,15.96,43.14,0.542,84,2389,3,3,0.00,8.97,0.00,6.14,2,1.0000,27.00,12.23,13,10,8,15,0.760,-0.250,54.93,2.75,25.88,35
3119,0.00,-5.47,16.42,44.71,0.542,84,2480,4,3,0.00,8.97,0.00,7.17,2,1.0000,27.50,14.81,13,12,10,15,0.850,-0.160,56.67,2.75,27.06,35
3164,0.00,-5.47,17.11,45.10,0.356,84,2607,4,4,0.00,12.80,0.00,7.68,2,1.0000,26.50,16.68,13,14,14,15,0.900,-0.110,54.20,3.92,27.06,35
3216,0.00,-5.47,18.03,46.27,0.356,84,2762,7,5,0.00,12.80,0.00,8.19,2,1.0000,26.00,18.86,13,19,19,15,0.940,-0.070,50.30,3.92,27.45,35
3254,0.00,-5.47,17.11,45.49,0.378,84,2826,9,8,0.00,13.07,0.00,8.19,2,1.0000,25.50,19.29,13,28,25,16,0.970,-0.040,55.80,4.71,28.24,36
3296,0.00,-5.47,16.31,45.49,0.335,84,2765,12,10,0.00,12.94,0.00,8.70,2,1.0000,25.00,20.06,13,30,29,16,0.990,-0.020,55.22,5.88,28.24,36
3349,0.00,-5.47,15.39,45.88,0.335,84,2735,16,12,0.00,12.94,0.00,8.45,2,1.0000,25.00,19.26,13,34,33,16,1.010,0.010,55.51,5.88,27.84,36
3413,0.00,-5.47,14.59,47.45,0.290,84,2764,18,14,0.00,12.79,0.00,8.19,2,1.0000,25.50,18.87,13,38,36,16,1.040,0.040,56.81,6.67,28.24,36
3478,0.00,-5.47,13.90,48.63,0.283,84,2802,22,17,0.00,12.79,0.00,8.45,2,1.0000,25.50,19.72,13,41,40,16,1.090,0.080,58.86,7.84,29.02,37
3508,0.00,-5.47,13.32,47.84,0.253,84,2844,24,19,0.00,13.00,0.00,8.19,2,1.0000,25.50,19.41,13,42,42,16,1.130,0.120,61.45,8.63,29.41,37
3537,0.00,-5.47,13.09,47.84,0.214,84,2848,25,20,0.00,12.96,0.00,8.19,2,1.0000,25.50,19.44,13,42,42,16,1.150,0.140,62.74,9.02,29.41,37
3566,0.00,-5.47,12.86,48.24,0.214,84,2863,26,21,0.00,12.96,0.00,8.45,2,1.0000,25.50,20.16,13,42,42,16,1.160,0.150,63.88,9.02,29.41,37
3595,0.00,-5.47,12.63,48.24,0.193,84,2893,27,21,0.00,12.94,0.00,8.45,2,1.0000,25.50,20.37,13,42,42,16,1.170,0.170,64.68,9.02,29.80,37
3622,0.00,-5.47,12.40,48.24,0.193,84,2890,27,22,0.00,12.94,0.00,8.70,2,1.0000,25.50,20.96,13,41,42,16,1.190,0.190,66.14,9.02,30.20,37
3650,0.00,-5.47,12.17,48.63,0.166,84,2920,28,22,0.00,12.90,0.00,8.45,2,1.0000,25.50,20.56,13,41,41,16,1.210,0.200,68.16,9.02,30.59,37
3676,0.00,-5.47,11.94,48.63,0.166,84,2933,28,23,0.00,12.90,0.00,8.70,2,1.0000,25.00,21.28,13,41,41,16,1.220,0.210,69.52,9.02,30.59,37
3702,0.00,-5.47,12.06,48.63,0.166,84,2930,28,23,0.00,12.90,0.00,8.96,2,1.0000,12.00,21.88,13,41,41,16,1.240,0.230,71.56,9.02,30.59,38
3732,0.00,-5.47,12.17,48.63,0.138,84,2898,28,23,0.00,12.57,0.00,8.96,2,1.0000,12.00,21.64,13,41,41,16,1.250,0.240,72.91,9.02,30.98,38
3758,0.00,-5.47,12.29,48.63,0.138,84,2884,27,24,0.00,12.57,0.00,9.22,2,1.0000,11.50,22.15,13,41,41,16,1.270,0.270,74.10,9.02,30.98,38
3786,0.00,-5.47,12.40,48.63,0.074,84,2847,27,24,0.00,12.38,0.00,9.22,2,1.0000,11.00,21.87,13,41,41,16,1.300,0.290,77.14,8.63,30.59,38
3812,0.00,-5.47,12.40,48.63,0.074,84,2839,27,24,0.00,12.38,0.00,9.47,2,1.0000,10.50,22.41,13,41,40,16,1.310,0.300,76.72,8.63,30.59,38
3840,0.00,-5.47,12.40,48.63,0.074,84,2830,27,25,0.00,12.55,0.00,9.47,2,1.0000,10.00,22.33,13,41,41,16,1.320,0.320,77.14,8.63,29.80,38
3868,0.00,-5.47,12.40,48.63,0.032,84,2823,27,25,0.00,12.55,0.00,9.73,2,1.0000,10.00,22.89,13,40,40,16,1.340,0.330,77.77,8.63,29.80,39
3895,0.00,-5.47,12.40,48.63,0.032,84,2780,28,25,0.00,12.55,0.00,9.98,2,1.0000,9.00,23.13,13,40,40,16,1.350,0.340,79.67,8.63,29.41,39
3922,0.00,-5.47,12.40,48.63,-0.005,84,2789,28,26,0.00,12.25,0.00,10.24,2,1.0000,8.50,23.80,13,40,40,16,1.370,0.360,80.93,8.24,29.41,39
3952,0.00,-5.47,12.52,48.63,-0.005,84,2767,28,26,0.00,12.25,0.00,10.24,2,1.0000,8.00,23.61,13,40,40,16,1.380,0.370,80.72,8.24,29.41,39
3978,0.00,-5.47,12.52,48.63,-0.042,84,2767,29,26,0.00,12.44,0.00,10.75,2,1.0000,7.50,24.79,13,40,39,16,1.390,0.390,82.62,7.84,29.41,39
4006,0.00,-5.47,12.52,48.63,-0.042,84,2760,29,27,0.00,12.44,0.00,10.75,2,1.0000,7.50,24.73,13,40,40,16,1.400,0.390,82.62,7.84,29.41,39
4037,0.00,-5.47,12.52,48.24,-0.062,84,2778,30,27,0.00,12.29,0.00,11.01,2,1.0000,7.00,25.49,13,40,39,16,1.410,0.400,83.04,7.84,29.41,40
4064,0.00,-5.47,12.52,48.24,-0.062,84,2780,30,27,0.00,12.29,0.00,11.01,2,1.0000,6.50,25.50,13,39,39,16,1.420,0.410,84.75,7.84,29.41,40
4092,0.00,-5.47,12.40,48.24,-0.062,84,2772,30,28,0.00,12.29,0.00,11.26,2,1.0000,6.50,26.02,13,39,39,16,1.420,0.420,82.83,7.84,29.41,40
4116,0.00,-5.47,12.40,48.24,-0.080,84,2774,30,28,0.00,12.21,0.00,11.26,2,1.0000,6.50,26.04,13,39,38,16,1.430,0.420,85.00,7.45,29.41,40
4144,0.00,-5.47,12.40,48.24,-0.080,84,2785,31,28,0.00,12.21,0.00,11.26,2,1.0000,6.00,26.14,13,38,38,16,1.430,0.420,84.75,7.45,29.41,41
4172,0.00,-5.47,12.40,47.84,-0.096,84,2771,30,28,0.00,12.16,0.00,11.52,2,1.0000,6.00,26.60,13,37,37,16,1.430,0.430,83.88,7.06,29.41,41
4199,0.00,-5.47,12.29,47.84,-0.096,84,2777,30,29,0.00,12.16,0.00,11.52,2,1.0000,6.00,26.66,13,37,36,16,1.440,0.430,85.93,7.06,29.41,41
4227,0.00,-5.47,12.29,47.84,-0.095,84,2784,30,29,0.00,12.14,0.00,11.52,2,1.0000,6.00,26.73,13,36,36,16,1.430,0.430,84.09,7.06,29.41,41
4263,0.00,-5.47,12.17,47.84,-0.095,84,2795,30,29,0.00,12.14,0.00,11.52,2,1.0000,11.00,26.83,13,36,36,16,1.440,0.430,83.46,7.06,29.41,41
4295,0.00,-5.47,12.06,48.24,-0.091,84,2811,30,29,0.00,12.12,0.00,11.26,2,1.0000,11.00,26.39,13,35,35,16,1.430,0.430,83.88,6.67,29.41,42
4322,0.00,-5.47,11.94,48.24,-0.091,84,2822,30,29,0.00,12.12,0.00,11.26,2,1.0000,10.00,26.49,13,35,35,16,1.430,0.420,83.04,6.67,29.41,42
4350,0.00,-5.47,11.94,48.24,-0.091,84,2812,30,29,0.00,12.17,0.00,11.26,2,1.0000,9.50,26.39,13,34,34,16,1.420,0.420,83.25,6.67,29.41,42
4376,0.00,-5.47,11.94,48.24,-0.075,84,2822,30,29,0.00,12.17,0.00,11.26,2,1.0000,9.00,26.49,13,33,34,16,1.420,0.420,81.77,6.67,29.41,42
4404,0.00,-5.47,11.94,48.63,-0.075,84,2824,30,29,0.00,12.17,0.00,11.01,2,1.0000,12.00,25.90,13,33,34,16,1.420,0.420,83.04,6.67,29.41,43
4435,0.00,-5.47,11.94,48.63,-0.075,84,2818,30,29,0.00,12.22,0.00,11.01,2,1.0000,15.50,25.85,13,33,33,16,1.430,0.420,82.62,6.67,29.80,43
4482,0.00,-5.47,11.83,48.63,-0.075,84,2866,30,29,0.00,12.22,0.00,11.26,2,1.0000,16.00,26.90,13,33,33,16,1.430,0.420,84.09,6.67,29.80,43
4549,0.00,-5.47,11.83,49.41,-0.055,84,2905,30,29,0.00,12.21,0.00,11.01,2,1.0000,19.00,26.65,13,33,32,16,1.430,0.420,84.54,6.67,30.59,43
4586,0.00,-5.47,11.83,49.80,-0.031,84,2950,29,29,0.00,12.21,0.00,11.01,2,1.0000,21.00,27.06,13,33,33,16,1.430,0.420,85.93,6.67,32.16,44
4623,0.00,-5.47,11.94,49.80,-0.030,84,2969,29,29,0.00,12.18,0.00,11.01,2,1.0000,21.00,27.23,13,33,33,16,1.440,0.430,88.36,6.67,32.55,44
4650,0.00,-5.47,11.94,49.80,-0.030,84,3001,28,28,0.00,12.18,0.00,11.01,3,1.0000,21.00,27.53,13,34,33,16,1.440,0.430,89.08,6.67,32.55,45
4681,0.00,-5.47,11.94,49.80,-0.035,84,2985,28,28,0.00,12.10,0.00,11.26,3,1.0000,20.50,28.02,13,34,34,16,1.440,0.440,89.81,6.27,32.55,45
4713,0.00,-5.47,11.94,49.80,-0.035,84,3010,27,27,0.00,12.10,0.00,11.26,3,1.0000,20.50,28.25,13,34,34,16,1.450,0.440,89.57,6.27,32.55,45
4740,0.00,-5.47,11.94,49.80,-0.042,84,2993,27,27,0.00,12.06,0.00,11.26,3,1.0000,20.50,28.10,13,34,34,16,1.450,0.440,89.81,6.27,32.55,46
4768,0.00,-5.47,11.94,49.41,-0.042,84,3019,27,27,0.00,12.06,0.00,11.26,3,1.0000,20.50,28.34,13,34,34,16,1.450,0.440,90.30,6.27,32.55,46
4796,0.00,-5.47,11.94,49.41,-0.042,84,3011,27,27,0.00,12.06,0.00,11.52,3,1.0000,20.00,28.91,13,34,34,16,1.450,0.440,91.27,6.27,32.55,46
4822,0.00,-5.47,11.94,49.02,-0.047,84,3040,27,26,0.00,11.98,0.00,11.52,3,1.0000,20.50,29.18,13,34,33,16,1.450,0.440,88.60,5.88,32.55,46
4848,0.00,-5.47,11.83,49.02,-0.047,84,3044,27,27,0.00,11.98,0.00,11.26,3,1.0000,20.50,28.57,13,33,34,16,1.450,0.440,89.57,5.88,32.55,46
4886,0.00,-5.47,11.83,49.02,-0.045,84,3033,27,26,0.00,12.05,0.00,11.26,3,1.0000,20.50,28.47,13,33,34,16,1.450,0.440,91.27,5.88,32.55,47
4935,0.00,-5.47,11.83,49.02,-0.045,84,3033,26,26,0.00,12.05,0.00,11.26,3,1.0000,20.50,28.47,13,33,33,16,1.450,0.440,90.30,5.88,32.55,47
4963,0.00,-5.47,11.83,48.63,-0.045,84,3054,26,26,0.00,12.03,0.00,11.52,3,1.0000,20.50,29.32,13,33,33,16,1.450,0.440,91.99,5.88,32.55,48
4995,0.00,-5.47,11.83,48.63,-0.052,84,3041,26,26,0.00,11.98,0.00,11.52,3,1.0000,20.50,29.20,13,33,33,16,1.450,0.440,91.51,5.49,32.55,48
5022,0.00,-5.47,11.83,48.63,-0.052,84,3073,26,26,0.00,11.98,0.00,11.52,3,1.0000,20.50,29.50,13,33,32,16,1.450,0.450,89.81,5.49,32.55,48
5052,0.00,-5.47,11.83,48.63,-0.052,84,3060,26,26,0.00,11.98,0.00,11.26,3,1.0000,20.50,28.72,13,33,32,16,1.450,0.440,91.51,5.49,32.55,49
5080,0.00,-5.47,11.71,48.63,-0.049,84,3058,26,26,0.00,12.03,0.00,11.26,3,1.0000,20.50,28.70,13,33,33,16,1.450,0.440,90.78,5.49,32.55,49
5121,0.00,-5.47,11.71,49.02,-0.049,84,3060,26,25,0.00,12.03,0.00,11.26,3,1.0000,20.50,28.72,13,32,33,16,1.450,0.440,91.02,5.49,32.16,49
5169,0.00,-5.47,11.71,49.02,-0.038,84,3063,26,25,0.00,12.04,0.00,11.26,3,1.0000,20.50,28.75,13,32,32,16,1.440,0.440,91.27,5.49,32.55,50
5215,0.00,-5.47,11.71,48.63,-0.039,84,3097,26,25,0.00,12.04,0.00,11.26,3,1.0000,21.00,29.07,13,32,32,16,1.450,0.440,90.54,5.49,32.55,50
5266,0.00,-5.47,11.71,48.63,-0.039,84,3104,26,25,0.00,12.04,0.00,11.26,3,1.0000,21.00,29.14,13,32,33,16,1.450,0.440,91.02,5.49,32.94,50
5311,0.00,-5.47,11.71,49.02,-0.041,84,3106,25,25,0.00,12.07,0.00,11.26,3,1.0000,21.50,29.15,13,32,32,16,1.440,0.440,90.54,5.10,32.94,51
5350,0.00,-5.47,11.83,49.02,-0.035,84,3119,25,25,0.00,12.09,0.00,11.26,3,1.0000,21.50,29.28,13,33,32,16,1.450,0.440,92.48,5.10,33.33,51
5399,0.00,-5.47,11.83,49.02,-0.030,84,3124,25,25,0.00,12.02,0.00,11.26,3,1.0000,21.00,29.32,12,33,32,16,1.450,0.440,92.48,5.10,33.33,52
5446,0.00,-5.47,11.83,49.02,-0.030,84,3127,25,25,0.00,12.02,0.00,11.26,3,1.0000,21.00,29.35,12,33,33,16,1.450,0.440,91.75,5.10,33.33,52
5482,0.00,-5.47,11.83,49.02,-0.031,84,3138,25,25,0.00,12.04,0.00,11.26,3,1.0000,21.50,29.46,12,33,33,16,1.450,0.440,92.48,5.10,33.73,53
5518,0.00,-5.47,11.83,49.02,-0.034,84,3144,25,25,0.00,12.04,0.00,11.26,3,1.0000,21.50,29.52,12,33,33,16,1.450,0.440,92.23,4.71,33.73,53
5565,0.00,-5.47,11.83,49.02,-0.034,84,3150,25,25,0.00,12.04,0.00,11.26,3,1.0000,21.00,29.57,12,33,33,16,1.450,0.440,94.41,4.71,33.73,53
5596,0.00,-5.47,11.94,49.02,-0.033,84,3135,25,24,0.00,11.93,0.00,11.52,3,1.0000,20.50,30.09,12,33,32,16,1.450,0.450,94.41,4.71,33.73,53
5623,0.00,-5.47,11.83,49.02,-0.033,84,3155,25,24,0.00,11.93,0.00,11.52,3,1.0000,21.00,30.29,12,33,33,16,1.450,0.450,94.17,4.71,33.73,54
5653,0.00,-5.47,11.83,49.02,-0.035,84,3148,25,24,0.00,11.92,0.00,11.52,3,1.0000,21.00,30.22,12,33,33,16,1.450,0.450,93.69,4.71,33.73,54
5694,0.00,-5.47,11.83,49.02,-0.035,84,3172,25,24,0.00,11.92,0.00,11.52,3,1.0000,21.00,30.45,12,33,32,16,1.450,0.450,94.90,4.71,33.73,54
5743,0.00,-5.47,11.83,49.02,-0.032,84,3179,25,24,0.00,11.91,0.00,11.52,3,1.0000,21.00,30.52,12,33,32,16,1.460,0.450,94.66,4.31,34.12,54
5788,0.00,-5.47,11.71,49.02,-0.032,84,3187,25,25,0.00,11.88,0.00,11.52,3,1.0000,21.50,30.60,12,33,32,16,1.460,0.450,93.93,4.31,34.12,55
5817,0.00,-5.47,11.71,49.02,-0.032,84,3198,25,25,0.00,11.88,0.00,11.52,3,1.0000,21.50,30.70,12,33,32,16,1.460,0.450,94.90,4.31,34.12,55
5850,0.00,-5.47,11.71,49.02,-0.033,84,3206,25,25,0.00,11.93,0.00,11.52,3,1.0000,21.50,30.78,12,33,32,16,1.460,0.450,95.38,4.31,34.12,56
5877,0.00,-5.47,11.71,49.02,-0.033,84,3191,25,24,0.00,11.93,0.00,11.52,3,1.0000,21.00,30.64,12,32,32,16,1.460,0.450,95.89,4.31,34.12,56
5906,0.00,-5.47,11.71,49.02,-0.031,84,3217,25,24,0.00,11.89,0.00,11.52,3,1.0000,21.50,30.89,12,32,32,16,1.460,0.450,94.17,4.31,34.12,56
5934,0.00,-5.47,11.71,49.02,-0.031,84,3194,25,24,0.00,11.89,0.00,11.52,3,1.0000,21.50,30.66,12,32,32,16,1.460,0.450,96.61,4.31,34.51,56
5961,0.00,-5.47,11.71,49.02,-0.027,84,3222,25,24,0.00,11.91,0.00,11.52,3,1.0000,21.50,30.93,12,32,32,16,1.460,0.450,95.38,3.92,34.51,57
5995,0.00,-5.47,11.71,48.63,-0.027,84,3209,25,24,0.00,11.91,0.00,11.52,3,1.0000,21.50,30.81,12,32,32,16,1.460,0.450,96.63,3.92,34.51,57
6023,0.00,-5.47,11.83,48.63,-0.040,84,3215,24,24,0.00,11.88,0.00,11.52,3,1.0000,21.50,30.86,12,32,32,16,1.460,0.450,95.63,3.92,34.12,57
6056,0.00,-5.47,11.83,47.84,-0.040,84,3236,24,24,0.00,11.88,0.00,11.52,3,1.0000,21.00,31.07,12,32,32,16,1.450,0.450,97.39,3.92,33.73,57
6085,0.00,-5.47,11.83,47.45,-0.063,84,3227,24,24,0.00,11.87,0.00,11.52,3,1.0000,21.50,30.98,12,32,32,16,1.450,0.440,95.38,3.53,32.55,58
6116,0.00,-5.47,11.83,47.06,-0.063,84,3250,24,24,0.00,11.87,0.00,11.26,3,1.0000,21.50,30.50,12,32,32,16,1.440,0.430,93.45,3.53,32.16,58
6144,0.00,-5.47,11.71,47.06,-0.046,84,3232,24,24,0.00,12.05,0.00,11.26,3,1.0000,22.00,30.34,12,32,32,16,1.430,0.420,92.48,3.53,32.16,58
6173,0.00,-5.47,11.71,47.45,-0.046,84,3235,24,24,0.00,12.05,0.00,11.01,3,1.0000,22.00,29.67,12,32,32,16,1.430,0.420,94.17,3.53,32.16,58
6199,0.00,-5.47,11.71,47.45,-0.046,84,3230,24,24,0.00,12.05,0.00,11.01,3,1.0000,22.00,29.63,12,32,32,16,1.430,0.420,94.66,3.53,31.76,59
6226,0.00,-5.47,11.71,47.45,-0.037,84,3252,24,24,0.00,12.08,0.00,11.01,3,1.0000,22.00,29.84,12,33,33,16,1.420,0.420,93.45,3.53,32.16,59
6256,0.00,-5.47,11.71,47.84,-0.037,84,3237,23,23,0.00,12.08,0.00,11.01,3,1.0000,22.50,29.69,12,33,33,16,1.420,0.420,93.69,3.53,32.16,59
6284,0.00,-5.47,11.71,47.84,-0.026,84,3246,23,23,0.00,12.11,0.00,11.01,3,1.0000,22.50,29.77,12,34,34,16,1.420,0.420,94.41,3.53,32.55,59
6312,0.00,-5.47,11.83,47.84,-0.026,84,3272,23,23,0.00,12.11,0.00,11.01,3,1.0000,22.50,30.01,12,34,34,16,1.420,0.420,95.38,3.53,32.55,60
6337,0.00,-5.47,11.83,47.84,-0.033,84,3278,23,23,0.00,12.06,0.00,11.01,3,1.0000,22.00,30.07,12,34,34,16,1.420,0.420,96.11,3.53,32.55,60
6371,0.00,-5.47,11.83,47.84,-0.033,84,3260,22,22,0.00,12.06,0.00,11.01,3,1.0000,22.00,29.91,12,34,35,16,1.420,0.410,95.14,3.53,32.55,60
6408,0.00,-5.47,11.94,47.84,-0.033,84,3265,22,22,0.00,12.02,0.00,11.26,3,1.0000,22.00,30.65,12,34,35,16,1.420,0.420,97.65,3.53,32.55,60
6447,0.00,-5.47,11.94,47.84,-0.032,84,3288,22,22,0.00,12.02,0.00,11.26,3,1.0000,22.00,30.87,12,35,35,16,1.430,0.420,95.14,3.14,32.55,61
6476,0.00,-5.47,11.94,47.84,-0.032,84,3292,22,22,0.00,12.00,0.00,11.26,3,1.0000,22.00,30.71,12,35,35,16,1.430,0.420,96.13,3.14,32.55,61
6507,0.00,-5.47,11.83,47.84,-0.032,84,3282,22,22,0.00,12.00,0.00,11.26,3,1.0000,22.00,30.81,12,35,35,16,1.430,0.420,97.13,3.14,32.55,61
6547,0.00,-5.47,11.83,47.84,-0.038,84,3310,22,22,0.00,11.98,0.00,11.26,3,1.0000,22.00,31.07,12,34,34,16,1.430,0.420,97.65,3.14,32.55,61
6593,0.00,-5.47,11.83,47.84,-0.038,84,3307,22,22,0.00,11.98,0.00,11.26,3,1.0000,22.00,31.04,12,34,34,16,1.420,0.420,96.39,3.14,32.55,62
6642,0.00,-5.47,11.83,47.84,-0.042,84,3302,22,22,0.00,11.96,0.00,11.26,3,1.0000,22.00,30.99,12,34,34,16,1.430,0.420,96.87,2.75,32.55,62
6686,0.00,-5.47,11.71,47.84,-0.041,84,3311,22,22,0.00,11.99,0.00,11.26,3,1.0000,22.00,31.08,12,34,33,16,1.430,0.420,96.63,2.75,32.55,62
6716,0.00,-5.47,11.71,47.84,-0.041,84,3335,22,22,0.00,11.99,0.00,11.26,3,1.0000,22.00,31.31,12,34,33,16,1.420,0.420,97.65,2.75,32.55,63
6745,0.00,-5.47,11.83,47.84,-0.041,84,3320,22,21,0.00,11.97,0.00,11.26,3,1.0000,22.00,31.16,12,34,34,16,1.420,0.420,97.91,2.75,32.55,63
6773,0.00,-5.47,11.83,47.84,-0.041,85,3350,22,22,0.00,11.97,0.00,11.26,3,1.0000,22.00,31.44,12,34,34,16,1.420,0.420,96.87,2.75,32.55,63
6799,0.00,-5.47,11.83,47.84,-0.038,85,3332,22,22,0.00,11.98,0.00,11.26,3,1.0000,22.00,31.27,12,34,34,16,1.420,0.410,98.17,2.35,32.55,64
6827,0.00,-5.47,11.71,47.84,-0.038,85,3357,22,21,0.00,11.98,0.00,11.26,3,1.0000,22.50,31.51,12,34,34,16,1.420,0.410,96.37,2.35,32.55,64
6856,0.00,-5.47,11.71,47.84,-0.033,85,3343,22,21,0.00,12.01,0.00,11.01,3,1.0000,22.50,30.66,12,34,34,16,1.420,0.410,96.11,2.35,32.55,64
6886,0.00,-5.47,11.71,47.84,-0.033,85,3350,22,21,0.00,12.01,0.00,11.01,3,1.0000,22.50,30.74,12,34,34,16,1.420,0.410,97.13,2.35,32.55,64
6931,0.00,-5.47,11.83,47.84,-0.036,85,3377,22,21,0.00,12.05,0.00,11.01,3,1.0000,22.50,30.98,12,34,34,16,1.420,0.410,96.87,2.35,32.55,64
6980,0.00,-5.47,11.83,47.84,-0.036,85,3364,21,21,0.00,12.05,0.00,11.01,3,1.0000,22.50,30.86,12,34,34,16,1.420,0.410,97.65,2.35,32.55,65
7008,0.00,-5.47,11.83,47.84,-0.034,85,3382,21,21,0.00,12.02,0.00,11.01,3,1.0000,22.50,31.02,12,34,35,16,1.420,0.410,98.17,2.35,32.94,65
7035,0.00,-5.47,11.83,47.84,-0.034,85,3406,21,21,0.00,12.02,0.00,11.26,3,1.0000,22.50,31.98,12,34,34,16,1.410,0.410,100.00,2.35,32.94,65
7063,0.00,-5.47,11.83,47.84,-0.037,85,3384,21,21,0.00,11.96,0.00,11.26,3,1.0000,22.50,31.76,12,34,34,16,1.420,0.410,99.22,1.96,32.94,66
7093,0.00,-5.47,11.83,47.84,-0.037,85,3414,21,21,0.00,11.96,0.00,11.26,3,1.0000,22.50,32.05,12,34,35,16,1.420,0.410,98.17,1.96,32.94,66
7143,0.00,-5.47,11.83,47.84,-0.040,85,3400,21,21,0.00,11.98,0.00,11.26,3,1.0000,22.50,31.92,12,34,35,16,1.420,0.410,99.48,1.96,32.94,66
7172,0.00,-5.47,11.83,47.84,-0.038,85,3408,21,20,0.00,11.90,0.00,11.26,3,1.0000,22.50,31.99,12,35,34,16,1.420,0.410,101.30,1.96,32.94,66
7211,0.00,-5.47,11.83,47.84,-0.038,85,3434,21,21,0.00,11.90,0.00,11.26,3,1.0000,22.50,32.24,12,34,35,16,1.420,0.410,100.00,1.96,32.94,67
7246,0.00,-5.47,11.71,47.84,-0.047,85,3422,21,21,0.00,11.90,0.00,11.26,3,1.0000,22.50,32.12,12,34,34,16,1.420,0.410,101.04,1.57,32.55,67
7279,0.00,-5.47,11.71,47.84,-0.047,85,3424,21,20,0.00,11.90,0.00,11.26,3,1.0000,22.50,32.14,12,34,34,16,1.420,0.410,99.48,1.57,32.94,67
7309,0.00,-5.47,11.71,48.24,-0.043,85,3430,21,20,0.00,11.91,0.00,11.26,3,1.0000,22.50,32.19,12,34,34,16,1.420,0.410,103.12,1.57,32.55,67
7357,0.00,-5.47,11.71,47.84,-0.043,85,3455,21,21,0.00,11.91,0.00,11.26,3,1.0000,22.50,32.43,12,34,34,16,1.420,0.410,100.00,1.57,32.55,68
7405,0.00,-5.47,11.71,47.84,-0.044,85,3462,21,20,0.00,11.91,0.00,11.26,3,1.0000,22.50,32.50,12,34,34,16,1.410,0.400,99.74,1.57,32.55,68
7435,0.00,-5.47,11.71,48.24,-0.046,85,3472,21,20,0.00,11.94,0.00,11.26,3,1.0000,22.50,32.59,12,34,34,16,1.410,0.410,101.04,1.18,32.94,68
7464,0.00,-5.47,11.71,48.24,-0.046,85,3459,21,20,0.00,11.94,0.00,11.26,3,1.0000,22.50,32.47,12,34,34,16,1.420,0.410,101.56,1.18,32.55,69
7501,0.00,-5.47,11.71,48.63,-0.032,85,3481,21,20,0.00,11.91,0.00,11.26,3,1.0000,22.50,32.67,12,34,34,16,1.410,0.410,101.56,1.18,32.94,69
7532,0.00,-5.47,11.71,48.63,-0.032,85,3492,20,20,0.00,11.91,0.00,11.26,3,1.0000,22.50,32.77,12,34,34,16,1.410,0.410,100.26,1.18,32.94,69
7558,0.00,-5.47,11.71,48.24,-0.042,85,3496,20,20,0.00,11.89,0.00,11.26,3,1.0000,22.50,32.82,12,34,34,16,1.420,0.410,102.34,1.18,33.33,69
7590,0.00,-5.47,11.60,48.63,-0.042,85,3482,20,20,0.00,11.89,0.00,11.26,3,1.0000,22.50,32.68,12,34,34,16,1.420,0.410,102.60,1.18,33.33,69
7617,0.00,-5.47,11.71,48.63,-0.042,85,3488,20,20,0.00,11.88,0.00,11.26,3,1.0000,22.50,32.74,12,34,34,16,1.420,0.410,101.82,0.78,33.33,70
7665,0.00,-5.47,11.71,48.63,-0.042,85,3523,21,20,0.00,11.88,0.00,11.26,3,1.0000,22.50,33.07,11,34,34,16,1.420,0.410,101.56,0.78,33.33,70
7716,0.00,-5.47,11.60,48.63,-0.045,85,3527,20,20,0.00,11.89,0.00,11.26,3,1.0000,23.00,33.11,11,34,34,16,1.410,0.410,102.86,0.78,33.33,70
7746,0.00,-5.47,11.60,48.24,-0.047,85,3537,20,20,0.00,11.85,0.00,11.26,3,1.0000,22.50,33.20,11,34,34,16,1.420,0.410,103.12,0.78,33.33,70
7779,0.00,-5.47,11.60,48.63,-0.047,85,3524,20,20,0.00,11.85,0.00,11.26,3,1.0000,23.00,33.08,11,34,34,16,1.410,0.410,101.56,0.78,32.94,71
7827,0.00,-5.47,11.60,48.63,-0.038,85,3533,20,20,0.00,11.90,0.00,11.26,3,1.0000,23.00,33.16,11,34,34,16,1.410,0.410,102.08,0.78,32.94,71
7864,0.00,-5.47,11.60,48.63,-0.038,85,3553,20,20,0.00,11.90,0.00,11.26,3,1.0000,23.00,33.35,11,34,34,16,1.410,0.410,103.38,0.78,32.94,71
7907,0.00,-5.47,11.60,48.63,-0.042,85,3556,20,20,0.00,11.88,0.00,11.26,3,1.0000,23.00,33.38,11,34,34,16,1.410,0.400,103.38,0.39,32.94,72
7957,0.00,-5.47,11.48,48.63,-0.043,85,3582,20,20,0.00,11.82,0.00,11.26,3,1.0000,23.00,33.62,11,34,34,16,1.410,0.400,104.94,0.39,33.33,72
8000,0.00,-5.47,11.48,48.63,-0.043,85,3592,20,20,0.00,11.82,0.00,11.26,3,1.0000,23.00,33.71,11,34,35,16,1.410,0.410,102.86,0.39,33.33,72
8029,0.00,-5.47,11.48,48.63,-0.040,85,3584,20,19,0.00,11.86,0.00,11.26,3,1.0000,23.00,33.64,11,34,34,16,1.410,0.410,103.90,0.39,33.33,72
8056,0.00,-5.47,11.48,48.63,-0.040,85,3589,20,19,0.00,11.86,0.00,11.26,3,1.0000,23.00,33.69,11,34,34,16,1.410,0.410,103.64,0.39,33.33,73
8100,0.00,-5.47,11.48,48.63,-0.045,85,3617,20,19,0.00,11.90,0.00,11.26,3,1.0000,23.00,33.95,11,34,35,16,1.410,0.410,105.98,0.00,32.94,73
8128,0.00,-5.47,11.48,48.63,-0.044,85,3603,20,19,0.00,11.89,0.00,11.26,3,1.0000,23.00,33.82,11,35,34,16,1.410,0.400,103.38,0.00,32.94,73
8173,0.00,-5.47,11.48,48.63,-0.044,85,3634,20,19,0.00,11.89,0.00,11.26,3,1.0000,23.50,34.11,11,35,34,16,1.410,0.400,104.42,0.00,32.94,73
8207,0.00,-5.47,11.48,48.63,-0.037,85,3641,20,19,0.00,11.91,0.00,11.26,3,1.0000,23.50,34.18,11,35,34,16,1.410,0.400,103.90,0.00,32.94,73
8242,0.00,-5.47,11.48,48.63,-0.037,85,3655,20,19,0.00,11.91,0.00,11.26,3,1.0000,23.50,34.31,11,34,34,16,1.410,0.400,104.16,0.00,33.33,74
8273,0.00,-5.47,11.48,48.63,-0.036,85,3656,20,19,0.00,11.93,0.00,11.01,3,1.0000,23.50,33.54,11,35,34,16,1.410,0.400,103.90,0.00,33.33,74
8299,0.00,-5.47,11.48,48.63,-0.036,85,3665,20,19,0.00,11.93,0.00,11.26,3,1.0000,23.50,34.40,11,35,34,16,1.410,0.400,105.46,0.00,33.33,74
8350,0.00,-5.47,11.48,48.63,-0.049,85,3651,20,19,0.00,11.92,0.00,11.26,3,1.0000,23.50,34.27,11,35,34,16,1.410,0.400,105.20,0.00,33.33,74
8396,0.00,-5.47,11.48,48.63,-0.049,85,3690,19,19,0.00,11.92,0.00,11.01,3,1.0000,24.00,33.85,11,35,34,16,1.410,0.400,104.16,0.00,33.33,75
8423,0.00,-5.47,11.48,48.63,-0.045,85,3671,20,19,0.00,11.96,0.00,11.01,3,1.0000,24.00,33.68,11,35,34,16,1.410,0.400,107.02,0.00,33.33,75
8453,0.00,-5.47,11.48,48.24,-0.058,85,3681,20,19,0.00,11.91,0.00,11.26,3,1.0000,24.00,34.55,11,35,34,16,1.410,0.400,105.72,0.00,33.33,75
8499,0.00,-5.47,11.48,48.24,-0.058,85,3716,20,20,0.00,11.91,0.00,11.01,3,1.0000,24.00,34.09,11,35,34,16,1.400,0.400,105.46,0.00,32.94,75
8529,0.00,-5.47,11.48,48.63,-0.039,85,3708,19,19,0.00,11.90,0.00,11.26,3,1.0000,24.00,34.81,11,35,34,16,1.400,0.390,107.02,0.00,32.94,76
8597,0.00,-5.47,11.48,48.63,-0.039,85,3722,19,19,0.00,11.90,0.00,11.26,3,1.0000,24.00,34.94,11,35,34,16,1.400,0.390,106.24,0.00,32.94,76
8645,0.00,-5.47,11.37,48.63,-0.046,85,3719,20,19,0.00,11.91,0.00,11.01,3,1.0000,24.50,34.12,11,34,34,16,1.400,0.390,106.76,0.00,32.94,76
8681,0.00,-5.47,11.37,48.63,-0.043,85,3729,20,19,0.00,11.94,0.00,11.26,3,1.0000,24.50,35.01,11,35,34,16,1.400,0.390,108.58,0.00,32.94,77
8719,0.00,-5.47,11.37,48.63,-0.035,85,3754,20,19,0.00,11.92,0.00,11.26,3,1.0000,24.50,35.24,11,34,34,16,1.400,0.390,106.76,0.00,33.33,77
8751,0.00,-5.47,11.25,48.63,-0.035,85,3756,20,19,0.00,11.92,0.00,11.01,3,1.0000,24.50,34.46,11,34,34,16,1.400,0.400,105.98,0.00,33.33,77
8791,0.00,-5.47,11.25,48.63,-0.050,85,3763,19,19,0.00,11.96,0.00,11.01,3,1.0000,25.00,34.52,11,34,34,16,1.400,0.390,105.46,0.00,33.33,77
8818,0.00,-5.47,11.37,48.63,-0.050,85,3785,19,19,0.00,11.96,0.00,11.01,3,1.0000,25.00,34.72,11,34,34,16,1.400,0.390,108.32,0.00,33.33,78
8844,0.00,-5.47,11.25,48.63,-0.040,85,3768,19,19,0.00,11.96,0.00,11.01,3,1.0000,25.00,34.57,11,34,34,16,1.400,0.390,108.32,0.00,33.33,78
8873,0.00,-5.47,11.37,48.63,-0.040,85,3780,19,19,0.00,11.96,0.00,11.26,3,1.0000,25.00,35.48,11,34,34,16,1.400,0.390,108.32,0.00,33.33,78
8924,0.00,-5.47,11.37,48.63,-0.043,85,3786,19,19,0.00,11.92,0.00,11.26,3,1.0000,25.00,35.53,11,34,34,16,1.400,0.390,106.76,0.00,33.33,78
8968,0.00,-5.47,11.37,49.02,-0.035,85,3798,20,20,0.00,11.98,0.00,11.01,3,1.0000,25.00,34.84,11,34,34,16,1.400,0.390,107.54,0.00,33.33,78
9005,0.00,-5.47,11.37,49.02,-0.035,85,3822,20,19,0.00,11.98,0.00,11.01,3,1.0000,25.50,35.07,11,34,33,16,1.400,0.390,108.88,0.00,33.33,78
9052,0.00,-5.47,11.37,49.02,-0.028,85,3820,20,20,0.00,11.95,0.00,11.01,3,1.0000,25.50,35.04,11,34,34,16,1.400,0.390,109.44,0.00,33.33,79
9085,0.00,-5.47,11.37,49.02,-0.035,85,3826,20,20,0.00,11.95,0.00,11.01,3,1.0000,25.50,35.09,11,34,33,16,1.400,0.390,109.14,0.00,33.33,79
9130,0.00,-5.47,11.37,49.02,-0.035,85,3834,19,19,0.00,11.95,0.00,11.26,3,1.0000,25.50,35.98,11,33,33,16,1.400,0.390,111.54,0.00,33.33,79
9167,0.00,-5.47,11.37,49.02,-0.036,85,3850,19,20,0.00,11.87,0.00,11.26,3,1.0000,25.50,36.14,11,33,33,16,1.400,0.390,108.32,0.00,33.33,79
9197,0.00,-5.47,11.25,48.63,-0.036,85,3878,20,20,0.00,11.87,0.00,11.01,3,1.0000,26.00,35.58,11,33,33,16,1.400,0.390,108.06,0.00,33.33,80
9224,0.00,-5.47,11.25,49.02,-0.035,85,3885,19,20,0.00,11.98,0.00,11.01,3,1.0000,26.00,35.64,11,33,33,16,1.400,0.390,107.28,0.00,33.33,80
9252,0.00,-5.47,11.25,49.02,-0.035,85,3874,19,19,0.00,11.98,0.00,11.01,3,1.0000,26.00,35.54,11,33,33,16,1.400,0.390,107.28,0.00,33.33,80
9281,0.00,-5.47,11.37,49.02,-0.034,85,3883,19,19,0.00,12.06,0.00,10.75,3,1.0000,26.50,34.79,11,33,33,16,1.400,0.390,107.54,0.00,33.33,80
9330,0.00,-5.47,11.37,49.02,-0.034,85,3905,20,19,0.00,12.06,0.00,10.75,3,1.0000,26.50,34.99,11,33,32,16,1.390,0.390,107.80,0.00,33.33,81
9370,0.00,-5.47,11.48,49.02,-0.035,85,3893,20,19,0.00,12.04,0.00,11.01,3,1.0000,26.50,35.71,11,32,32,16,1.390,0.390,108.06,0.00,33.33,81
9396,0.00,-5.47,11.48,49.02,-0.039,85,3928,19,19,0.00,12.03,0.00,11.01,3,1.0000,26.50,36.03,11,32,32,16,1.390,0.390,109.74,0.00,33.33,81
9424,0.00,-5.47,11.48,49.02,-0.039,85,3932,20,19,0.00,12.03,0.00,11.01,3,1.0000,26.50,36.06,11,32,32,16,1.390,0.380,110.04,0.00,33.33,81
9467,0.00,-5.47,11.60,49.02,-0.039,85,3914,20,19,0.00,12.03,0.00,11.01,3,1.0000,26.50,35.90,11,32,32,16,1.390,0.390,112.44,0.00,33.33,81
9496,0.00,-5.47,11.60,48.63,-0.036,85,3931,19,19,0.00,11.96,0.00,11.01,3,1.0000,26.50,36.06,11,32,32,16,1.390,0.380,110.64,0.00,33.33,82
9524,0.00,-5.47,11.48,48.63,-0.044,85,3936,20,19,0.00,11.95,0.00,11.01,3,1.0000,26.50,36.11,11,32,32,16,1.390,0.390,110.64,0.00,33.33,82
9564,0.00,-5.47,11.48,48.63,-0.044,85,3962,20,20,0.00,11.95,0.00,11.01,3,1.0000,26.50,36.34,11,32,32,16,1.390,0.380,109.74,0.00,33.33,82
9610,0.00,-5.47,11.37,48.63,-0.043,86,3974,20,20,0.00,11.97,0.00,11.01,3,1.0000,27.00,36.45,11,32,32,16,1.390,0.380,111.84,0.00,33.33,82
9646,0.00,-5.47,11.37,48.63,-0.043,86,3983,19,19,0.00,11.97,0.00,11.26,3,1.0000,26.50,37.39,11,31,31,16,1.380,0.380,114.84,0.00,33.33,82
9714,0.00,-5.47,11.37,48.63,-0.041,86,3992,20,19,0.00,11.89,0.00,11.26,3,1.0000,26.50,37.47,11,31,31,16,1.380,0.380,113.64,0.00,32.94,83
9760,0.00,-5.47,11.25,48.63,-0.039,86,4006,20,20,0.00,11.94,0.00,11.26,3,1.0000,27.00,37.60,10,31,31,16,1.380,0.370,113.64,0.00,32.94,83
9808,0.00,-5.47,11.14,48.63,-0.040,86,4003,19,19,0.00,11.94,0.00,11.01,3,1.0000,27.00,36.72,10,31,31,16,1.380,0.370,113.94,0.00,32.94,84
9873,0.00,-5.47,11.25,48.63,-0.039,86,4032,19,19,0.00,11.95,0.00,11.01,3,1.0000,27.00,36.99,10,30,30,16,1.380,0.370,112.14,0.00,33.33,84
9900,0.00,-5.47,11.25,48.63,-0.046,86,4031,20,19,0.00,11.90,0.00,11.26,3,1.0000,26.50,37.84,10,30,30,16,1.370,0.370,115.14,0.00,32.94,84
9926,0.00,-5.47,11.25,48.63,-0.046,86,4062,19,19,0.00,11.90,0.00,11.01,3,1.0000,27.00,37.26,10,30,30,16,1.370,0.370,112.74,0.00,33.33,85
9956,0.00,-5.47,11.25,49.02,-0.049,86,4072,19,19,0.00,11.92,0.00,11.01,3,1.0000,27.00,37.35,10,29,30,16,1.370,0.370,113.64,0.00,32.94,85
9982,0.00,-5.47,11.25,49.02,-0.041,86,4062,19,19,0.00,11.96,0.00,11.01,3,1.0000,27.00,37.26,10,29,30,16,1.370,0.370,112.14,0.00,33.33,85
10011,0.00,-5.47,11.25,49.02,-0.041,86,4072,19,19,0.00,11.96,0.00,11.01,3,1.0000,27.00,37.35,10,29,30,16,1.370,0.370,113.64,0.00,33.33,85
10084,0.00,-5.47,11.37,49.02,-0.041,86,4081,19,19,0.00,11.96,0.00,11.01,3,1.0000,27.00,37.44,10,29,29,16,1.370,0.360,113.94,0.00,33.33,86
10151,0.00,-5.47,11.37,49.02,-0.052,86,4092,19,18,0.00,11.94,0.00,11.01,3,1.0000,27.00,37.53,10,29,28,16,1.370,0.360,116.04,0.00,33.33,86
10223,0.00,-5.47,11.48,49.02,-0.050,86,4110,18,18,0.00,11.89,0.00,11.26,3,1.0000,26.50,38.58,10,28,28,16,1.370,0.360,116.94,0.00,33.33,86
10251,0.00,-5.47,11.37,49.02,-0.053,86,4126,18,18,0.00,11.88,0.00,11.26,3,1.0000,26.50,38.73,10,28,27,16,1.360,0.360,117.54,0.00,33.33,87
10284,0.00,-5.47,11.37,49.02,-0.053,86,4137,18,17,0.00,11.88,0.00,11.26,3,1.0000,26.50,38.83,10,27,27,16,1.360,0.360,117.54,0.00,33.33,87
10311,0.00,-5.47,11.25,49.02,-0.056,86,4169,17,17,0.00,11.89,0.00,11.26,3,1.0000,26.50,39.13,10,27,27,16,1.360,0.360,119.94,0.00,33.33,87
10339,0.00,-5.47,11.25,49.02,-0.056,86,4144,17,17,0.00,11.89,0.00,11.26,3,1.0000,26.00,38.90,10,27,27,16,1.360,0.350,118.74,0.00,33.33,87
10363,0.00,-5.47,11.25,49.02,-0.061,86,4149,17,17,0.00,11.84,0.00,11.26,3,1.0000,26.00,38.94,10,27,27,16,1.360,0.350,119.94,0.00,33.33,88
10391,0.00,-5.47,11.25,48.63,-0.061,86,4158,17,17,0.00,11.84,0.00,11.26,3,1.0000,26.00,39.03,10,27,26,16,1.360,0.350,119.04,0.00,33.33,88
10419,0.00,-5.47,11.25,48.63,-0.061,86,4161,17,17,0.00,11.84,0.00,11.26,3,1.0000,26.00,39.06,10,27,27,16,1.360,0.350,119.64,0.00,33.33,88
10457,0.00,-5.47,11.14,48.63,-0.063,86,4191,16,16,0.00,11.84,0.00,11.26,3,1.0000,26.50,39.34,10,26,27,16,1.360,0.350,116.94,0.00,33.33,88
10522,0.00,-5.47,11.14,49.02,-0.054,86,4196,17,16,0.00,11.88,0.00,11.26,3,1.0000,26.50,39.39,10,26,26,16,1.350,0.350,118.14,0.00,33.33,88
10551,0.00,-5.47,11.14,48.63,-0.069,86,4186,16,16,0.00,11.85,0.00,11.26,3,1.0000,26.50,39.30,10,26,26,16,1.360,0.350,116.64,0.00,33.33,89
10578,0.00,-5.47,11.25,49.02,-0.069,86,4196,16,16,0.00,11.85,0.00,11.26,3,1.0000,26.50,39.38,10,26,26,16,1.360,0.350,119.94,0.00,33.33,89
10605,0.00,-5.47,11.14,49.02,-0.069,86,4227,16,15,0.00,11.85,0.00,11.26,3,1.0000,26.00,39.68,10,25,25,16,1.350,0.350,121.14,0.00,33.33,89
10633,0.00,-5.47,11.14,49.02,-0.059,86,4210,16,15,0.00,11.84,0.00,11.26,3,1.0000,26.00,39.51,10,25,26,16,1.360,0.350,119.04,0.00,33.33,89
10660,0.00,-5.47,11.14,49.02,-0.059,86,4235,15,15,0.00,11.84,0.00,11.26,3,1.0000,26.50,39.75,10,25,25,16,1.350,0.350,117.54,0.00,33.33,89
10705,0.00,-5.47,11.14,48.63,-0.076,86,4218,15,15,0.00,11.87,0.00,11.26,3,1.0000,26.00,39.60,10,25,25,16,1.360,0.350,122.04,0.00,33.33,89
10747,0.00,-5.47,11.14,48.63,-0.076,86,4224,15,15,0.00,11.87,0.00,11.26,3,1.0000,26.00,39.65,10,25,25,16,1.350,0.350,123.53,0.00,33.33,89
10825,0.00,-5.47,11.14,48.63,-0.071,86,4234,15,15,0.00,11.82,0.00,11.52,3,1.0000,26.00,40.65,10,25,25,16,1.350,0.350,121.44,0.00,33.33,90
10852,0.00,-5.47,11.14,48.63,-0.083,86,4272,15,14,0.00,11.82,0.00,11.26,3,1.0000,26.00,40.10,10,24,24,16,1.350,0.340,118.14,0.00,33.33,90
10879,0.00,-5.47,11.14,48.63,-0.089,86,4251,14,14,0.00,11.85,0.00,11.26,3,1.0000,26.00,39.90,10,24,24,16,1.350,0.350,120.54,0.00,33.33,90
10904,0.00,-5.47,11.14,48.63,-0.089,86,4261,14,14,0.00,11.85,0.00,11.26,3,1.0000,26.00,40.00,10,24,24,16,1.350,0.340,122.93,0.00,33.33,91
10931,0.00,-5.47,11.14,49.02,-0.075,86,4270,14,14,0.00,11.84,0.00,11.26,3,1.0000,26.00,40.08,10,24,24,16,1.350,0.340,122.33,0.00,33.33,91
10976,0.00,-5.47,11.14,49.02,-0.075,86,4263,14,14,0.00,11.84,0.00,11.26,3,1.0000,26.00,40.02,10,24,23,16,1.350,0.340,119.94,0.00,33.33,91
11002,0.00,-5.47,11.14,49.41,-0.073,86,4271,14,14,0.00,11.85,0.00,11.26,3,1.0000,26.00,40.09,10,23,24,16,1.350,0.340,120.24,0.00,33.33,91
11031,0.00,-5.47,11.14,49.80,-0.073,86,4283,14,13,0.00,11.85,0.00,11.01,3,1.0000,26.00,39.29,10,23,24,16,1.350,0.340,119.34,0.00,33.73,91
11072,0.00,-5.47,11.14,49.80,-0.063,86,4292,13,13,0.00,11.85,0.00,11.26,3,1.0000,26.00,40.29,10,23,23,16,1.360,0.350,122.33,0.00,34.12,91
11110,0.00,-5.47,11.14,49.80,-0.063,86,4297,13,13,0.00,11.85,0.00,11.26,3,1.0000,26.00,40.33,10,23,23,16,1.360,0.360,121.74,0.00,34.51,91
11149,0.00,-5.47,11.14,49.80,-0.071,86,4306,13,13,0.00,11.83,0.00,11.26,3,1.0000,26.00,40.42,10,23,23,16,1.360,0.350,123.23,0.00,34.51,92
11185,0.00,-5.47,11.14,49.80,-0.071,86,4335,13,13,0.00,11.83,0.00,11.26,3,1.0000,26.00,40.69,10,22,23,16,1.370,0.360,124.13,0.00,34.51,92
11211,0.00,-5.47,11.14,49.80,-0.073,86,4292,13,12,0.00,11.82,0.00,11.26,3,1.0000,26.00,40.28,10,22,22,16,1.370,0.360,121.74,0.00,34.51,92
11241,0.00,-5.47,11.14,49.80,-0.073,86,4272,12,12,0.00,11.82,0.00,11.26,3,1.0000,26.00,40.10,10,22,22,16,1.370,0.370,124.13,0.00,34.51,92
11269,0.00,-5.47,11.14,49.80,-0.066,86,4242,12,12,0.00,11.81,0.00,11.52,3,1.0000,26.00,40.73,10,22,22,16,1.370,0.370,122.33,0.00,34.51,92
11296,0.00,-5.47,11.14,49.80,-0.066,86,4169,12,12,0.00,11.81,0.00,11.52,3,1.0000,12.50,40.02,10,22,22,16,1.380,0.370,122.93,0.00,34.51,92
11326,0.00,-5.47,11.14,49.80,-0.045,86,4094,13,12,0.00,11.78,0.00,11.52,3,1.0000,12.50,39.30,10,22,22,16,1.390,0.380,122.33,0.00,34.51,92
11353,0.00,-5.47,11.14,49.80,-0.045,86,4018,13,12,0.00,11.78,0.00,11.78,3,1.0000,12.50,39.43,10,22,23,16,1.410,0.400,122.04,0.00,34.90,92
11389,0.00,-5.47,11.14,49.80,-0.049,86,3976,13,12,0.00,11.60,0.00,12.03,3,1.0000,12.00,39.87,10,23,24,16,1.420,0.420,118.44,0.00,35.29,93
11417,0.00,-5.47,11.14,49.80,-0.049,86,3844,14,13,0.00,11.60,0.00,12.03,3,1.0000,10.50,38.55,10,24,25,16,1.450,0.440,118.14,0.00,36.08,93
11443,0.00,-5.47,11.14,49.80,-0.072,86,3807,15,14,0.00,11.53,0.00,12.29,3,1.0000,10.00,38.98,10,25,26,16,1.460,0.450,115.44,0.00,36.08,93
11485,0.00,-5.47,11.14,49.80,-0.072,86,3716,16,14,0.00,11.53,0.00,12.03,3,1.0000,9.00,37.25,10,26,27,16,1.470,0.460,111.24,0.00,36.08,93
11520,0.00,-5.47,11.14,49.80,-0.080,86,3563,17,15,0.00,11.51,0.00,12.29,3,1.0000,7.50,36.49,10,27,28,16,1.480,0.480,111.84,0.00,36.47,93
11569,0.00,-5.47,11.14,49.80,-0.080,86,3467,17,16,0.00,11.51,0.00,12.29,3,1.0000,7.00,35.50,10,28,29,16,1.490,0.490,109.14,0.00,36.86,93
11605,0.00,-5.47,11.14,49.80,-0.082,86,3374,19,17,0.00,11.44,0.00,12.54,3,1.0000,12.50,35.26,10,30,30,16,1.500,0.500,106.76,0.00,36.86,94
11631,0.00,-5.47,11.25,49.80,-0.082,86,3356,20,18,0.00,11.44,0.00,12.54,3,1.0000,20.00,35.08,10,30,30,16,1.500,0.490,101.82,0.00,37.25,94
11661,0.00,-5.47,11.25,49.80,-0.072,86,3385,20,19,0.00,11.47,0.00,12.29,3,1.0000,21.00,34.66,10,30,30,16,1.500,0.490,100.78,0.00,37.25,94
11701,0.00,-5.47,11.25,49.80,-0.072,86,3370,21,19,0.00,11.47,0.00,11.78,3,1.0000,21.50,33.08,10,30,30,16,1.490,0.490,99.22,0.00,37.25,94
11750,0.00,-5.47,11.25,49.80,-0.064,86,3380,22,20,0.00,11.70,0.00,11.52,3,1.0000,22.00,32.44,10,30,30,16,1.480,0.480,99.22,0.00,37.25,94
11799,0.00,-5.47,11.37,49.80,-0.060,86,3387,23,21,0.00,11.85,0.00,11.52,3,1.0000,22.00,32.51,10,31,31,16,1.470,0.470,98.96,0.00,36.86,94
11835,0.00,-5.47,11.48,49.80,-0.053,86,3385,23,21,0.00,11.85,0.00,11.52,4,1.0000,22.00,32.50,10,32,32,16,1.470,0.460,101.56,0.00,36.86,94
11871,0.00,-5.47,11.60,49.80,-0.053,86,3416,23,21,0.00,11.85,0.00,11.52,4,1.0000,22.00,32.79,10,33,33,16,1.470,0.460,101.82,0.00,36.47,95
11901,0.00,-5.47,11.83,49.80,-0.051,86,3400,22,21,0.00,11.75,0.00,11.78,4,1.0000,22.00,33.37,10,33,33,16,1.470,0.460,103.64,0.00,36.47,95
11938,0.00,-5.47,11.83,49.80,-0.051,86,3424,22,22,0.00,11.75,0.00,11.78,4,1.0000,21.50,33.60,10,33,34,16,1.470,0.460,104.16,0.00,36.47,95
11971,0.00,-5.47,11.83,49.80,-0.040,86,3425,22,22,0.00,11.66,0.00,12.03,4,1.0000,21.50,34.34,10,33,34,16,1.470,0.460,103.12,0.00,36.47,95
12020,0.00,-5.47,11.83,49.80,-0.040,86,3422,22,22,0.00,11.66,0.00,11.78,4,1.0000,21.50,33.58,10,33,33,16,1.470,0.470,102.34,0.00,36.47,95
12056,0.00,-5.47,11.71,49.80,-0.051,86,3424,22,21,0.00,11.68,0.00,11.78,4,1.0000,21.50,33.60,10,33,33,16,1.470,0.460,103.12,0.00,36.47,95
12085,0.00,-5.47,11.60,49.80,-0.051,86,3426,22,22,0.00,11.68,0.00,11.78,4,1.0000,21.50,33.62,10,32,32,16,1.470,0.470,103.38,0.00,36.08,95
12111,0.00,-5.47,11.60,49.80,-0.056,86,3403,22,22,0.00,11.68,0.00,11.78,4,1.0000,21.50,33.40,10,32,32,16,1.470,0.470,104.42,0.00,36.08,95
12154,0.00,-5.47,11.60,49.80,-0.056,86,3426,22,22,0.00,11.68,0.00,11.78,4,1.0000,21.50,33.62,10,32,32,16,1.470,0.470,101.82,0.00,36.08,96
12189,0.00,-5.47,11.60,49.80,-0.048,86,3402,22,22,0.00,11.70,0.00,11.78,4,1.0000,21.50,33.38,10,32,32,16,1.470,0.470,102.86,0.00,36.08,96
12226,0.00,-5.47,11.60,49.80,-0.056,86,3397,22,22,0.00,11.73,0.00,11.78,4,1.0000,22.00,33.34,10,32,31,16,1.470,0.470,101.56,0.00,35.69,96
12251,0.00,-5.47,11.48,49.80,-0.056,86,3405,22,22,0.00,11.73,0.00,11.78,4,1.0000,22.00,33.41,10,32,31,16,1.470,0.470,103.12,0.00,35.69,96
12288,0.00,-5.47,11.60,49.80,-0.050,86,3434,22,22,0.00,11.75,0.00,11.78,4,1.0000,22.00,33.70,10,32,32,16,1.470,0.470,101.04,0.00,35.69,96
12324,0.00,-5.47,11.60,50.20,-0.050,86,3436,22,22,0.00,11.75,0.00,11.52,4,1.0000,22.00,32.99,10,31,32,16,1.470,0.460,101.56,0.00,35.69,96
12352,0.00,-5.47,11.60,50.20,-0.035,86,3444,22,22,0.00,11.78,0.00,11.78,4,1.0000,22.00,33.80,10,32,32,16,1.470,0.470,103.38,0.00,36.47,97
12388,0.00,-5.47,11.60,50.20,-0.035,86,3428,22,22,0.00,11.78,0.00,11.52,4,1.0000,22.00,32.90,10,32,32,16,1.470,0.460,102.34,0.00,36.47,97
12423,0.00,-5.47,11.71,50.20,-0.044,86,3447,22,22,0.00,11.75,0.00,11.78,4,1.0000,22.00,33.83,10,32,32,16,1.470,0.470,102.08,0.00,36.47,97
12451,0.00,-5.47,11.71,49.80,-0.044,86,3446,22,22,0.00,11.75,0.00,11.78,4,1.0000,22.00,33.82,10,32,32,16,1.470,0.470,102.60,0.00,36.47,97
12505,0.00,-5.47,11.71,49.80,-0.048,86,3434,22,21,0.00,11.76,0.00,11.78,4,1.0000,22.00,33.70,10,32,32,16,1.470,0.470,103.90,0.00,36.08,97
12541,0.00,-5.47,11.71,50.20,-0.040,86,3437,22,21,0.00,11.70,0.00,11.78,4,1.0000,22.00,33.73,10,32,32,16,1.470,0.460,103.38,0.00,35.69,97
12569,0.00,-5.47,11.71,49.80,-0.040,86,3439,22,21,0.00,11.70,0.00,11.78,4,1.0000,22.00,33.75,10,32,32,16,1.470,0.460,102.86,0.00,35.69,97
12598,0.00,-5.47,11.60,49.80,-0.048,86,3434,21,21,0.00,11.75,0.00,11.78,4,1.0000,22.00,33.70,10,32,32,16,1.470,0.460,103.90,0.00,35.69,98
12626,0.00,-5.47,11.60,49.80,-0.048,86,3457,21,21,0.00,11.75,0.00,11.78,4,1.0000,22.00,33.92,10,32,32,16,1.470,0.460,103.12,0.00,35.69,98
12656,0.00,-5.47,11.60,50.20,-0.048,86,3443,21,21,0.00,11.75,0.00,11.78,4,1.0000,22.00,33.78,10,32,32,16,1.470,0.460,102.86,0.00,35.69,98
12721,0.00,-5.47,11.60,49.80,-0.039,86,3464,21,21,0.00,11.74,0.00,11.78,4,1.0000,22.00,34.00,10,32,32,16,1.470,0.460,102.34,0.00,35.69,98
12750,0.00,-5.47,11.60,49.80,-0.039,86,3466,21,21,0.00,11.75,0.00,11.78,4,1.0000,22.00,34.01,10,31,32,16,1.470,0.460,104.68,0.00,35.69,98
12779,0.00,-5.47,11.60,49.80,-0.039,86,3440,21,21,0.00,11.75,0.00,11.78,4,1.0000,22.00,33.76,10,32,32,16,1.470,0.460,104.94,0.00,35.69,98
12807,0.00,-5.47,11.60,49.80,-0.042,86,3442,21,21,0.00,11.69,0.00,11.78,4,1.0000,21.50,33.78,10,32,32,16,1.470,0.460,103.12,0.00,35.69,98
12857,0.00,-5.47,11.60,49.80,-0.042,86,3465,21,21,0.00,11.69,0.00,11.78,4,1.0000,22.00,34.01,10,32,32,16,1.470,0.460,103.12,0.00,35.69,99
12893,0.00,-5.47,11.48,49.80,-0.046,86,3436,21,21,0.00,11.71,0.00,11.78,4,1.0000,22.00,33.72,10,32,32,16,1.470,0.460,102.86,0.00,35.69,99
12920,0.00,-5.47,11.48,50.20,-0.048,86,3470,22,21,0.00,11.74,0.00,11.78,4,1.0000,22.00,34.05,10,32,32,16,1.470,0.460,102.60,0.00,35.69,99
12951,0.00,-5.47,11.48,50.20,-0.048,86,3458,22,21,0.00,11.74,0.00,11.52,4,1.0000,22.00,33.20,10,32,31,16,1.470,0.460,103.12,0.00,35.69,99
12977,0.00,-5.47,11.48,50.20,-0.043,86,3486,21,21,0.00,11.76,0.00,11.52,4,1.0000,22.00,33.47,10,32,32,16,1.470,0.460,102.86,0.00,36.08,99
13002,0.00,-5.47,11.60,49.80,-0.043,86,3471,21,21,0.00,11.76,0.00,11.52,4,1.0000,22.00,33.32,10,32,32,16,1.470,0.460,103.64,0.00,36.08,99
13031,0.00,-5.47,11.60,49.80,-0.043,86,3470,21,21,0.00,11.76,0.00,11.78,4,1.0000,22.00,34.05,10,32,32,16,1.470,0.460,104.42,0.00,36.08,99
13072,0.00,-5.47,11.60,49.80,-0.053,86,3484,21,21,0.00,11.72,0.00,11.78,4,1.0000,22.00,34.19,10,32,32,16,1.460,0.460,105.20,0.00,36.08,100
13108,0.00,-5.47,11.60,49.80,-0.053,86,3489,21,21,0.00,11.72,0.00,11.78,4,1.0000,22.00,34.24,10,32,32,16,1.460,0.460,104.42,0.00,35.69,100
13152,0.00,-5.47,11.60,49.80,-0.045,86,3470,21,21,0.00,11.69,0.00,11.78,4,1.0000,22.00,34.06,10,32,32,16,1.460,0.460,105.20,0.00,35.69,100
13188,0.00,-5.47,11.48,49.80,-0.044,86,3496,21,21,0.00,11.71,0.00,11.78,4,1.0000,22.00,34.30,10,32,32,16,1.470,0.460,103.38,0.00,35.69,100
13233,0.00,-5.47,11.48,50.20,-0.044,86,3496,21,21,0.00,11.71,0.00,11.78,4,1.0000,22.00,34.30,10,32,32,16,1.470,0.460,103.64,0.00,35.69,100
13269,0.00,-5.47,11.48,50.20,-0.047,86,3474,21,21,0.00,11.72,0.00,11.78,4,1.0000,22.00,34.09,10,32,32,16,1.470,0.460,104.42,0.00,36.08,100
13316,0.00,-5.47,11.48,49.80,-0.047,86,3503,21,21,0.00,11.74,0.00,11.52,4,1.0000,22.00,33.63,10,32,32,16,1.470,0.460,104.16,0.00,36.08,101
13345,0.00,-5.47,11.48,50.20,-0.051,86,3480,21,21,0.00,11.74,0.00,11.78,4,1.0000,22.00,34.15,10,32,32,16,1.470,0.460,104.16,0.00,36.08,101
13376,0.00,-5.47,11.48,50.20,-0.044,86,3492,21,21,0.00,11.73,0.00,11.78,4,1.0000,22.00,34.37,10,32,32,16,1.470,0.460,104.94,0.00,36.08,101
13414,0.00,-5.47,11.60,49.80,-0.044,86,3513,21,21,0.00,11.73,0.00,11.78,4,1.0000,22.00,34.47,10,32,32,16,1.470,0.460,105.98,0.00,36.08,101
13450,0.00,-5.47,11.60,49.80,-0.051,86,3518,21,21,0.00,11.68,0.00,11.78,4,1.0000,22.00,34.52,10,32,32,16,1.460,0.460,105.72,0.00,36.08,101
13479,0.00,-5.47,11.48,49.80,-0.051,86,3494,21,21,0.00,11.68,0.00,11.78,4,1.0000,22.00,34.29,9,32,32,16,1.470,0.460,104.94,0.00,35.69,101
13508,0.00,-5.47,11.48,49.80,-0.054,86,3511,21,21,0.00,11.70,0.00,11.78,4,1.0000,22.00,34.45,9,32,32,16,1.470,0.460,105.46,0.00,35.69,101
13536,0.00,-5.47,11.48,49.80,-0.054,86,3496,21,21,0.00,11.70,0.00,11.78,4,1.0000,22.00,34.30,9,32,32,16,1.460,0.460,104.68,0.00,35.69,101
13562,0.00,-5.47,11.48,49.80,-0.055,86,3521,21,21,0.00,11.71,0.00,11.78,4,1.0000,22.00,34.55,9,32,32,16,1.470,0.460,103.90,0.00,35.29,101
13603,0.00,-5.47,11.48,49.80,-0.055,86,3504,21,21,0.00,11.71,0.00,11.78,4,1.0000,22.00,34.38,9,32,32,16,1.460,0.450,105.20,0.00,35.29,102
13631,0.00,-5.47,11.48,49.80,-0.040,86,3501,21,21,0.00,11.73,0.00,11.78,4,1.0000,22.00,34.36,9,32,32,16,1.460,0.450,104.94,0.00,35.29,102
13670,0.00,-5.47,11.48,49.80,-0.040,86,3502,21,21,0.00,11.73,0.00,11.78,4,1.0000,22.00,34.37,9,32,32,16,1.460,0.450,104.94,0.00,35.29,102
13711,0.00,-5.47,11.48,49.80,-0.043,86,3531,21,21,0.00,11.70,0.00,11.78,4,1.0000,22.00,34.65,9,32,32,16,1.460,0.460,104.68,0.00,35.69,102
13750,0.00,-5.47,11.48,50.20,-0.043,86,3514,21,20,0.00,11.70,0.00,11.52,4,1.0000,22.50,33.74,9,32,32,16,1.460,0.460,103.90,0.00,36.08,102
13777,0.00,-5.47,11.48,50.20,-0.042,86,3540,21,20,0.00,11.75,0.00,11.52,4,1.0000,22.50,33.99,9,32,32,16,1.460,0.460,106.50,0.00,36.47,103
13803,0.00,-5.47,11.48,50.20,-0.042,86,3518,20,21,0.00,11.75,0.00,11.78,4,1.0000,22.00,34.53,9,32,32,16,1.470,0.460,107.02,0.00,36.08,103
13847,0.00,-5.47,11.48,50.20,-0.045,86,3545,20,21,0.00,11.70,0.00,11.78,4,1.0000,22.00,34.79,9,32,32,16,1.470,0.460,105.46,0.00,36.08,103
13885,0.00,-5.47,11.48,50.20,-0.048,86,3521,20,20,0.00,11.67,0.00,11.78,4,1.0000,22.00,34.55,9,32,32,16,1.470,0.460,106.50,0.00,36.08,103
13914,0.00,-5.47,11.48,50.20,-0.048,86,3530,20,20,0.00,11.67,0.00,11.78,4,1.0000,22.00,34.64,9,32,32,16,1.470,0.470,107.54,0.00,36.08,103
13940,0.00,-5.47,11.48,50.20,-0.044,86,3534,20,20,0.00,11.62,0.00,11.78,4,1.0000,22.00,34.68,9,32,32,16,1.470,0.460,107.28,0.00,36.08,103
13984,0.00,-5.47,11.48,50.20,-0.044,86,3555,20,20,0.00,11.62,0.00,11.78,4,1.0000,22.00,34.89,9,32,33,16,1.470,0.460,105.72,0.00,36.08,103
14031,0.00,-5.47,11.37,49.80,-0.049,86,3532,20,20,0.00,11.64,0.00,11.78,4,1.0000,22.00,34.67,9,32,32,16,1.470,0.460,105.46,0.00,36.08,103
14058,0.00,-5.47,11.37,50.20,-0.049,86,3548,20,20,0.00,11.64,0.00,11.78,4,1.0000,22.00,34.82,9,32,32,16,1.460,0.460,107.28,0.00,35.69,104
14082,0.00,-5.47,11.37,49.80,-0.048,86,3561,20,20,0.00,11.63,0.00,11.78,4,1.0000,22.00,34.94,9,32,32,16,1.460,0.460,106.76,0.00,36.08,104
14109,0.00,-5.47,11.37,49.80,-0.048,86,3543,20,20,0.00,11.63,0.00,11.78,4,1.0000,22.00,34.77,9,32,32,16,1.460,0.460,108.06,0.00,35.69,104
14135,0.00,-5.47,11.37,49.80,-0.050,86,3556,20,20,0.00,11.64,0.00,11.78,4,1.0000,22.00,34.90,9,32,32,16,1.470,0.460,105.20,0.00,35.69,104
14159,0.00,-5.47,11.25,49.80,-0.050,86,3530,20,20,0.00,11.64,0.00,11.78,4,1.0000,22.00,34.64,9,32,32,16,1.460,0.460,104.94,0.00,35.69,104
14183,0.00,-5.47,11.25,49.80,-0.050,86,3547,20,20,0.00,11.64,0.00,11.78,4,1.0000,22.00,34.81,9,32,31,16,1.460,0.460,105.72,0.00,35.29,104
14211,0.00,-5.47,11.25,49.80,-0.046,86,3535,20,21,0.00,11.69,0.00,11.78,4,1.0000,22.00,34.69,9,32,31,16,1.460,0.460,105.46,0.00,35.29,104
14239,0.00,-5.47,11.25,49.80,-0.046,86,3552,20,20,0.00,11.69,0.00,11.52,4,1.0000,22.50,34.10,9,32,32,16,1.460,0.450,103.38,0.00,34.90,104
14275,0.00,-5.47,11.25,49.80,-0.049,86,3530,20,20,0.00,11.72,0.00,11.52,4,1.0000,22.50,33.89,9,32,32,16,1.460,0.450,104.94,0.00,34.90,104
14299,0.00,-5.47,11.37,49.80,-0.049,86,3540,20,20,0.00,11.72,0.00,11.52,4,1.0000,22.50,33.98,9,32,32,16,1.460,0.450,104.16,0.00,35.29,104
14322,0.00,-5.47,11.37,49.80,-0.047,86,3567,20,20,0.00,11.73,0.00,11.52,4,1.0000,22.50,34.24,9,32,32,16,1.460,0.450,105.72,0.00,35.29,105
14349,0.00,-5.47,11.37,49.80,-0.047,86,3552,20,20,0.00,11.73,0.00,11.52,4,1.0000,22.50,34.10,9,32,32,16,1.460,0.450,106.76,0.00,35.29,105
14375,0.00,-5.47,11.37,49.80,-0.047,86,3582,20,20,0.00,11.73,0.00,11.52,4,1.0000,22.50,34.38,9,32,33,16,1.460,0.450,105.20,0.00,35.69,105
14400,0.00,-5.47,11.37,49.80,-0.047,86,3559,20,20,0.00,11.72,0.00,11.78,4,1.0000,22.50,34.93,9,32,33,16,1.460,0.450,106.76,0.00,35.69,105
14436,0.00,-5.47,11.48,50.59,-0.047,86,3566,20,20,0.00,11.72,0.00,11.78,4,1.0000,22.50,34.99,9,33,33,16,1.460,0.450,107.28,0.00,35.69,105
14463,0.00,-5.47,11.37,51.37,-0.026,86,3560,20,20,0.00,11.69,0.00,11.78,4,1.0000,22.50,34.94,9,33,33,16,1.460,0.450,105.98,0.00,36.47,105
14493,0.00,-5.47,11.37,51.37,-0.026,86,3582,20,20,0.00,11.69,0.00,11.78,4,1.0000,22.00,35.15,9,33,33,16,1.470,0.460,108.88,0.00,37.25,105
14535,0.00,-5.47,11.37,50.98,-0.037,86,3593,20,20,0.00,11.63,0.00,11.78,4,1.0000,22.00,35.26,9,32,33,16,1.470,0.470,107.28,0.00,37.25,105
14598,0.00,-5.47,11.37,50.98,-0.037,86,3603,20,20,0.00,11.63,0.00,12.03,4,1.0000,22.00,36.12,9,32,32,16,1.470,0.470,107.54,0.00,37.25,105
14642,0.00,-5.47,11.37,50.59,-0.049,86,3593,20,20,0.00,11.62,0.00,12.03,4,1.0000,22.00,36.03,9,32,32,16,1.480,0.470,110.64,0.00,36.86,106
14675,0.00,-5.47,11.37,50.59,-0.056,86,3598,20,20,0.00,11.57,0.00,12.03,4,1.0000,22.00,36.07,9,32,32,16,1.470,0.470,110.04,0.00,36.08,106
14740,0.00,-5.47,11.25,50.59,-0.056,86,3582,20,20,0.00,11.57,0.00,12.03,4,1.0000,22.00,35.92,9,32,32,16,1.480,0.470,107.80,0.00,36.08,106
14761,0.00,-5.47,11.25,50.59,-0.050,86,3587,20,20,0.00,11.57,0.00,11.78,4,1.0000,22.00,35.20,9,32,32,16,1.470,0.470,107.80,0.00,36.47,106
14800,0.00,-5.47,11.25,50.59,-0.051,86,3610,20,20,0.00,11.61,0.00,11.78,4,1.0000,22.50,35.42,9,32,31,16,1.470,0.470,106.24,0.00,36.47,106
14834,0.00,-5.47,11.25,50.59,-0.051,86,3597,20,20,0.00,11.65,0.00,11.78,4,1.0000,22.50,35.30,9,32,32,16,1.470,0.460,108.06,0.00,36.47,107
14862,0.00,-5.47,11.25,50.59,-0.043,86,3604,20,20,0.00,11.65,0.00,11.78,4,1.0000,22.50,35.37,9,32,32,16,1.470,0.470,107.54,0.00,36.47,107
14895,0.00,-5.47,11.25,50.59,-0.043,86,3622,20,20,0.00,11.65,0.00,11.78,4,1.0000,22.50,35.55,9,32,31,16,1.470,0.460,107.02,0.00,36.47,107
14926,0.00,-5.47,11.25,50.59,-0.050,86,3626,20,20,0.00,11.66,0.00,11.78,4,1.0000,22.50,35.58,9,31,31,16,1.470,0.460,107.80,0.00,36.47,107
14962,0.00,-5.47,11.25,50.98,-0.050,86,3625,20,20,0.00,11.66,0.00,11.78,4,1.0000,22.50,35.57,9,31,32,16,1.470,0.460,106.76,0.00,36.47,107
14990,0.00,-5.47,11.37,50.59,-0.039,86,3628,20,20,0.00,11.67,0.00,11.78,4,1.0000,22.50,35.61,9,32,32,16,1.470,0.470,109.74,0.00,36.86,107
15015,0.00,-5.47,11.37,50.59,-0.039,86,3639,20,20,0.00,11.67,0.00,11.78,4,1.0000,22.50,35.71,9,32,32,16,1.470,0.470,109.22,0.00,36.86,107
15041,0.00,-5.47,11.37,50.98,-0.043,86,3622,20,20,0.00,11.63,0.00,11.78,4,1.0000,22.50,35.54,9,32,32,16,1.470,0.470,108.88,0.00,36.86,107
15068,0.00,-5.47,11.37,50.98,-0.043,86,3648,20,20,0.00,11.63,0.00,11.78,4,1.0000,22.50,35.80,9,32,32,16,1.470,0.470,109.78,0.00,36.86,108
15095,0.00,-5.47,11.37,50.98,-0.044,86,3619,20,20,0.00,11.60,0.00,12.03,4,1.0000,22.00,36.29,9,32,32,16,1.470,0.470,111.84,0.00,36.86,108
15123,0.00,-5.47,11.25,50.98,-0.044,86,3620,20,19,0.00,11.60,0.00,12.03,4,1.0000,22.50,36.29,9,32,32,16,1.480,0.470,108.06,0.00,36.86,108
15155,0.00,-5.47,11.25,50.98,-0.045,86,3650,20,20,0.00,11.61,0.00,12.03,4,1.0000,22.50,36.60,9,32,32,16,1.470,0.470,108.32,0.00,36.86,108
15200,0.00,-5.47,11.25,50.98,-0.045,86,3650,19,20,0.00,11.61,0.00,11.78,4,1.0000,22.50,35.82,9,32,31,16,1.480,0.470,107.80,0.00,36.86,108
15237,0.00,-5.47,11.25,50.98,-0.045,86,3634,19,20,0.00,11.65,0.00,11.78,4,1.0000,22.50,35.67,9,32,32,16,1.480,0.470,110.64,0.00,36.86,108
15283,0.00,-5.47,11.25,50.59,-0.045,86,3664,19,20,0.00,11.65,0.00,11.78,4,1.0000,23.00,35.96,9,32,32,16,1.480,0.470,109.74,0.00,36.86,108
15315,0.00,-5.47,11.25,50.59,-0.050,86,3654,20,19,0.00,11.62,0.00,12.03,4,1.0000,22.50,36.63,9,32,31,16,1.480,0.470,108.88,0.00,36.86,108
15343,0.00,-5.47,11.25,50.59,-0.052,86,3635,20,20,0.00,11.60,0.00,12.03,4,1.0000,22.50,36.45,9,32,31,16,1.480,0.470,112.14,0.00,36.86,108
15380,0.00,-5.47,11.25,50.59,-0.052,86,3646,20,20,0.00,11.60,0.00,12.03,4,1.0000,22.50,36.56,9,32,31,16,1.470,0.470,109.44,0.00,36.86,108
15409,0.00,-5.47,11.25,50.59,-0.048,86,3669,20,20,0.00,11.63,0.00,11.78,4,1.0000,22.50,36.01,9,32,31,16,1.470,0.470,107.80,0.00,36.86,109
15434,0.00,-5.47,11.25,50.59,-0.048,86,3648,19,20,0.00,11.63,0.00,11.78,4,1.0000,23.00,35.80,9,32,31,16,1.470,0.470,109.14,0.00,36.86,109
15466,0.00,-5.47,11.14,50.59,-0.048,86,3680,20,19,0.00,11.63,0.00,11.78,4,1.0000,23.00,36.11,9,32,32,16,1.470,0.470,110.64,0.00,36.86,109
15493,0.00,-5.47,11.14,50.59,-0.049,86,3690,20,19,0.00,11.64,0.00,11.78,4,1.0000,23.00,36.21,9,32,32,16,1.470,0.470,108.32,0.00,36.86,109
15520,0.00,-5.47,11.25,50.59,-0.049,86,3656,20,19,0.00,11.64,0.00,11.78,4,1.0000,23.00,35.88,9,32,32,16,1.470,0.460,107.54,0.00,36.86,109
15545,0.00,-5.47,11.25,50.59,-0.046,86,3671,20,19,0.00,11.68,0.00,11.78,4,1.0000,23.00,36.02,9,32,31,16,1.470,0.470,109.18,0.00,36.86,109
15573,0.00,-5.47,11.25,50.59,-0.046,86,3660,20,19,0.00,11.68,0.00,11.78,4,1.0000,23.00,35.92,9,32,31,16,1.470,0.460,109.14,0.00,36.86,109
15599,0.00,-5.47,11.25,50.59,-0.056,86,3667,20,20,0.00,11.68,0.00,11.78,4,1.0000,23.00,35.98,9,32,31,16,1.470,0.460,110.94,0.00,36.86,109
15625,0.00,-5.47,11.37,50.59,-0.056,86,3693,20,20,0.00,11.68,0.00,11.78,4,1.0000,23.00,36.24,9,32,32,16,1.470,0.460,111.24,0.00,36.86,110
15653,0.00,-5.47,11.37,50.59,-0.056,86,3672,19,20,0.00,11.68,0.00,11.78,4,1.0000,23.00,36.04,9,32,32,16,1.470,0.470,109.74,0.00,36.86,110
15676,0.00,-5.47,11.37,50.59,-0.049,86,3693,20,19,0.00,11.63,0.00,11.78,4,1.0000,23.00,36.24,9,32,32,16,1.470,0.460,108.58,0.00,36.86,110
15703,0.00,-5.47,11.25,50.59,-0.049,86,3675,20,19,0.00,11.63,0.00,11.78,4,1.0000,23.00,36.07,9,32,32,16,1.470,0.460,111.54,0.00,36.47,110
15743,0.00,-5.47,11.25,50.59,-0.049,86,3678,20,20,0.00,11.61,0.00,12.03,4,1.0000,23.00,36.87,9,32,32,16,1.470,0.460,109.18,0.00,36.86,110
15769,0.00,-5.47,11.25,50.59,-0.049,86,3703,20,19,0.00,11.61,0.00,12.03,4,1.0000,23.00,37.13,9,32,32,16,1.470,0.460,112.74,0.00,36.86,110
15794,0.00,-5.47,11.25,50.59,-0.049,86,3683,20,20,0.00,11.58,0.00,12.03,4,1.0000,22.50,36.93,9,32,32,16,1.470,0.460,114.54,0.00,36.86,110
15823,0.00,-5.47,11.25,50.59,-0.049,86,3711,20,20,0.00,11.58,0.00,12.03,4,1.0000,23.00,37.21,9,32,32,16,1.470,0.460,110.34,0.00,36.86,110
15849,0.00,-5.47,11.14,50.59,-0.049,86,3686,19,20,0.00,11.58,0.00,12.03,4,1.0000,23.00,36.96,9,32,32,16,1.470,0.460,109.44,0.00,36.86,110
15876,0.00,-5.47,11.14,50.59,-0.049,86,3694,20,19,0.00,11.61,0.00,11.78,4,1.0000,23.00,36.25,9,32,32,16,1.470,0.460,109.18,0.00,36.86,110
15903,0.00,-5.47,11.14,50.59,-0.049,86,3712,20,20,0.00,11.61,0.00,11.78,4,1.0000,23.00,36.43,9,32,31,16,1.470,0.460,110.64,0.00,36.86,111
15929,0.00,-5.47,11.14,50.59,-0.050,86,3692,20,20,0.00,11.64,0.00,11.78,4,1.0000,23.00,36.23,9,32,31,16,1.470,0.460,110.34,0.00,36.86,111
15956,0.00,-5.47,11.14,50.59,-0.050,86,3696,19,20,0.00,11.64,0.00,11.78,4,1.0000,23.00,36.27,9,32,32,16,1.470,0.460,112.14,0.00,36.86,111
15989,0.00,-5.47,11.14,50.59,-0.050,86,3722,19,20,0.00,11.64,0.00,11.78,4,1.0000,23.50,36.53,9,32,32,16,1.470,0.460,109.44,0.00,36.86,111
16015,0.00,-5.47,11.14,50.59,-0.050,87,3726,19,20,0.00,11.64,0.00,11.78,4,1.0000,23.50,36.56,9,31,32,16,1.470,0.470,109.74,0.00,36.86,111
16064,0.00,-5.47,11.14,50.59,-0.050,87,3709,20,20,0.00,11.64,0.00,11.78,4,1.0000,23.50,36.40,9,31,32,16,1.470,0.470,110.94,0.00,36.86,111
16094,0.00,-5.47,11.14,50.59,-0.050,87,3741,20,19,0.00,11.65,0.00,11.78,4,1.0000,23.50,36.71,9,31,31,16,1.470,0.460,109.18,0.00,36.86,111
16125,0.00,-5.47,11.14,50.98,-0.042,87,3720,20,20,0.00,11.71,0.00,11.52,4,1.0000,23.50,35.72,9,31,31,16,1.470,0.460,109.74,0.00,36.86,111
16155,0.00,-5.47,11.14,50.98,-0.042,87,3723,20,19,0.00,11.71,0.00,11.78,4,1.0000,23.50,36.54,9,32,31,16,1.470,0.460,112.44,0.00,36.86,112
16197,0.00,-5.47,11.25,50.98,-0.043,87,3722,20,20,0.00,11.66,0.00,11.78,4,1.0000,23.50,36.53,9,32,31,16,1.470,0.460,112.44,0.00,36.86,112
16225,0.00,-5.47,11.25,50.98,-0.043,87,3751,20,19,0.00,11.66,0.00,11.78,4,1.0000,23.50,36.81,9,32,31,16,1.470,0.460,111.54,0.00,36.86,112
16265,0.00,-5.47,11.25,50.59,-0.050,87,3758,20,19,0.00,11.64,0.00,11.78,4,1.0000,23.50,36.88,9,32,31,16,1.470,0.470,112.44,0.00,37.25,112
16293,0.00,-5.47,11.25,50.59,-0.050,87,3733,19,19,0.00,11.64,0.00,11.78,4,1.0000,23.50,36.63,9,32,32,16,1.470,0.460,110.04,0.00,36.86,112
16324,0.00,-5.47,11.25,50.59,-0.048,87,3748,19,20,0.00,11.64,0.00,11.78,4,1.0000,23.50,36.78,9,32,31,16,1.470,0.460,113.64,0.00,36.86,112
16364,0.00,-5.47,11.14,50.59,-0.048,87,3756,19,20,0.00,11.64,0.00,12.03,4,1.0000,23.50,37.67,9,32,31,16,1.470,0.460,112.74,0.00,36.86,112
16391,0.00,-5.47,11.14,50.59,-0.058,87,3736,20,19,0.00,11.59,0.00,12.03,4,1.0000,23.00,37.46,9,32,32,16,1.470,0.460,114.24,0.00,36.08,112
16421,0.00,-5.47,11.14,50.59,-0.045,87,3762,20,20,0.00,11.61,0.00,12.03,4,1.0000,23.50,37.72,9,32,32,16,1.460,0.460,110.04,0.00,36.08,113
16452,0.00,-5.47,11.14,50.59,-0.045,87,3762,20,20,0.00,11.61,0.00,12.03,4,1.0000,23.50,37.72,9,31,32,16,1.460,0.460,111.84,0.00,36.47,113
16481,0.00,-5.47,11.14,50.59,-0.045,87,3733,20,20,0.00,11.65,0.00,11.78,4,1.0000,23.50,36.64,9,31,32,16,1.470,0.460,109.44,0.00,36.47,113
16514,0.00,-5.47,11.14,50.20,-0.055,87,3744,20,20,0.00,11.65,0.00,11.78,4,1.0000,24.00,36.75,9,31,31,16,1.470,0.460,110.04,0.00,36.47,113
16542,0.00,-5.47,11.14,50.20,-0.055,87,3751,20,20,0.00,11.65,0.00,11.52,4,1.0000,24.00,36.01,9,31,31,16,1.460,0.460,108.88,0.00,36.08,113
16586,0.00,-5.47,11.14,50.20,-0.059,87,3757,20,19,0.00,11.72,0.00,11.52,4,1.0000,24.00,36.07,9,31,32,16,1.460,0.450,109.74,0.00,36.08,113
16661,0.00,-5.47,11.25,49.80,-0.060,87,3780,20,20,0.00,11.73,0.00,11.52,4,1.0000,24.00,36.29,9,31,32,16,1.460,0.450,109.44,0.00,35.69,113
16695,0.00,-5.47,11.25,50.59,-0.045,87,3775,20,19,0.00,11.75,0.00,11.52,4,1.0000,24.00,36.24,9,32,32,16,1.450,0.450,110.64,0.00,36.08,114
16727,0.00,-5.47,11.37,50.59,-0.045,87,3780,20,20,0.00,11.75,0.00,11.78,4,1.0000,24.00,37.09,9,32,32,16,1.460,0.450,112.44,0.00,36.08,114
16755,0.00,-5.47,11.37,50.59,-0.047,87,3780,20,19,0.00,11.69,0.00,11.78,4,1.0000,24.00,37.09,9,32,32,16,1.450,0.450,110.34,0.00,36.08,114
16783,0.00,-5.47,11.25,50.59,-0.047,87,3778,20,20,0.00,11.69,0.00,11.52,4,1.0000,24.00,36.27,9,32,32,16,1.460,0.450,111.54,0.00,36.47,114
16811,0.00,-5.47,11.25,50.59,-0.047,87,3804,20,20,0.00,11.72,0.00,11.78,4,1.0000,24.50,37.33,9,32,32,16,1.460,0.450,112.44,0.00,36.47,114
16839,0.00,-5.47,11.14,50.59,-0.047,87,3799,20,19,0.00,11.72,0.00,11.78,4,1.0000,24.00,37.28,9,32,32,16,1.460,0.450,111.54,0.00,36.47,114
16867,0.00,-5.47,11.25,50.59,-0.052,87,3784,20,19,0.00,11.71,0.00,11.78,4,1.0000,24.00,37.13,9,32,32,16,1.460,0.450,111.54,0.00,36.47,114
16893,0.00,-5.47,11.25,50.59,-0.052,87,3795,20,20,0.00,11.71,0.00,11.78,4,1.0000,24.50,37.24,9,32,32,16,1.460,0.450,112.74,0.00,36.47,114
16920,0.00,-5.47,11.14,50.59,-0.052,87,3817,19,20,0.00,11.71,0.00,11.78,4,1.0000,24.50,37.46,9,32,32,16,1.460,0.450,111.84,0.00,36.47,115
16948,0.00,-5.47,11.25,50.59,-0.052,87,3799,19,20,0.00,11.70,0.00,11.78,4,1.0000,24.50,37.28,9,32,32,16,1.460,0.460,111.24,0.00,36.47,115
16976,0.00,-5.47,11.14,50.59,-0.052,87,3800,19,20,0.00,11.70,0.00,11.52,4,1.0000,24.50,36.48,9,32,32,16,1.460,0.450,112.14,0.00,36.47,115
17002,0.00,-5.47,11.25,50.59,-0.044,87,3817,19,19,0.00,11.71,0.00,11.78,4,1.0000,24.50,37.46,9,32,32,16,1.460,0.450,112.44,0.00,36.47,115
17030,0.00,-5.47,11.25,50.20,-0.044,87,3820,19,19,0.00,11.71,0.00,11.78,4,1.0000,24.50,37.49,9,32,32,16,1.460,0.460,111.54,0.00,36.47,115
17052,0.00,-5.47,11.25,50.20,-0.062,87,3796,20,19,0.00,11.71,0.00,11.78,4,1.0000,24.50,37.26,9,32,32,16,1.460,0.460,112.74,0.00,36.08,115
17078,0.00,-5.47,11.25,50.20,-0.062,87,3804,20,20,0.00,11.71,0.00,11.78,4,1.0000,24.00,37.33,9,32,32,16,1.460,0.450,115.14,0.00,36.08,115
17106,0.00,-5.47,11.25,50.20,-0.062,87,3832,20,19,0.00,11.71,0.00,11.78,4,1.0000,24.50,37.61,9,32,32,16,1.460,0.450,110.04,0.00,35.69,115
17129,0.00,-5.47,11.25,50.20,-0.056,87,3812,20,20,0.00,11.69,0.00,11.52,4,1.0000,24.50,36.59,9,32,32,16,1.450,0.450,110.94,0.00,35.69,115
17157,0.00,-5.47,11.14,50.20,-0.056,87,3817,20,19,0.00,11.69,0.00,11.78,4,1.0000,24.50,37.46,9,32,32,16,1.450,0.450,112.44,0.00,35.69,115
17193,0.00,-5.47,11.14,50.20,-0.051,87,3834,20,19,0.00,11.72,0.00,11.78,4,1.0000,24.50,37.62,9,32,31,16,1.450,0.450,111.84,0.00,36.08,115
17228,0.00,-5.47,11.25,50.20,-0.051,87,3824,20,19,0.00,11.72,0.00,11.78,4,1.0000,24.50,37.53,9,32,32,16,1.450,0.440,112.74,0.00,35.69,116
17255,0.00,-5.47,11.14,50.20,-0.048,87,3847,20,20,0.00,11.70,0.00,11.78,4,1.0000,24.50,37.75,9,32,32,16,1.450,0.450,113.94,0.00,36.08,116
17282,0.00,-5.47,11.25,50.20,-0.048,87,3830,20,20,0.00,11.70,0.00,11.78,4,1.0000,24.50,37.59,9,32,32,16,1.450,0.450,111.84,0.00,36.08,116
17310,0.00,-5.47,11.14,49.80,-0.060,87,3842,20,20,0.00,11.71,0.00,11.78,4,1.0000,24.50,37.70,9,32,31,16,1.450,0.450,112.14,0.00,36.08,116
17338,0.00,-5.47,11.14,49.80,-0.060,87,3846,20,20,0.00,11.71,0.00,11.78,4,1.0000,24.50,37.74,9,32,31,16,1.450,0.440,113.34,0.00,35.69,116
17366,0.00,-5.47,11.14,49.80,-0.057,87,3827,20,20,0.00,11.71,0.00,11.78,4,1.0000,24.50,37.55,9,32,31,16,1.450,0.440,112.44,0.00,35.69,116
17394,0.00,-5.47,11.14,49.80,-0.057,87,3832,20,19,0.00,11.71,0.00,11.52,4,1.0000,24.50,36.78,9,32,31,16,1.450,0.440,112.44,0.00,35.69,116
17422,0.00,-5.47,11.14,49.80,-0.057,87,3833,20,19,0.00,11.71,0.00,11.52,4,1.0000,25.00,36.80,9,32,31,16,1.440,0.440,113.64,0.00,35.29,116
17445,0.00,-5.47,11.14,49.80,-0.059,87,3863,20,20,0.00,11.74,0.00,11.78,4,1.0000,25.00,37.91,9,32,31,16,1.440,0.440,112.44,0.00,34.90,116
17473,0.00,-5.47,11.14,49.80,-0.059,87,3844,20,19,0.00,11.74,0.00,11.52,4,1.0000,25.00,36.90,9,32,31,16,1.440,0.440,110.94,0.00,34.90,116
17503,0.00,-5.47,11.14,49.80,-0.049,87,3846,20,20,0.00,11.79,0.00,11.52,4,1.0000,25.00,36.92,9,32,31,16,1.430,0.430,111.24,0.00,34.12,117
17532,0.00,-5.47,11.14,49.80,-0.049,87,3846,20,20,0.00,11.79,0.00,11.52,4,1.0000,25.00,36.92,9,32,31,16,1.430,0.430,110.64,0.00,34.51,117
17560,0.00,-5.47,11.14,49.80,-0.039,87,3864,19,19,0.00,11.83,0.00,11.52,4,1.0000,25.50,37.09,9,32,31,16,1.430,0.420,110.04,0.00,34.90,117
17586,0.00,-5.47,11.14,49.80,-0.039,87,3866,20,19,0.00,11.83,0.00,11.26,4,1.0000,25.50,36.29,9,32,31,16,1.430,0.430,110.64,0.00,35.29,117
17634,0.00,-5.47,11.14,49.80,-0.039,87,3871,20,19,0.00,11.83,0.00,11.52,4,1.0000,25.50,37.16,9,32,31,16,1.440,0.430,113.34,0.00,35.29,117
17719,0.00,-5.47,11.25,49.02,-0.055,87,3882,20,20,0.00,11.81,0.00,11.52,4,1.0000,25.50,37.27,9,32,31,16,1.440,0.430,110.04,0.00,34.51,117
17788,0.00,-5.47,11.14,42.75,-0.191,87,3868,19,20,0.00,11.90,0.00,11.26,4,1.0000,25.50,36.30,9,32,32,16,1.390,0.390,107.28,0.00,30.59,117
17818,0.00,-5.47,11.14,1.96,-0.545,87,3784,19,19,0.00,12.79,0.00,7.17,4,1.0000,29.50,22.60,9,33,33,16,1.020,0.020,57.54,0.00,16.47,118
17868,0.00,-5.47,11.14,0.00,-0.632,87,3765,19,19,0.00,15.55,0.00,5.63,4,1.0000,33.00,17.67,9,34,33,16,0.920,-0.080,38.93,0.00,15.29,118
17920,-5.47,-5.47,11.14,0.00,-0.430,87,3652,19,19,0.00,16.56,0.00,4.10,4,1.0000,40.50,12.47,9,34,34,16,0.780,-0.230,28.89,0.00,13.73,118
17951,-13.28,-5.47,11.14,0.00,-0.316,87,3622,17,16,0.00,15.79,0.00,2.82,4,1.0000,43.00,8.50,9,30,33,16,0.650,-0.360,21.06,0.00,12.16,118
17998,0.00,-5.47,11.14,0.00,-0.316,87,3582,16,13,0.00,15.79,0.00,0.77,4,1.0000,42.50,2.29,9,29,31,16,0.600,-0.400,18.07,0.00,11.76,118
18015,0.00,-5.47,11.14,0.00,-0.233,87,3520,14,9,0.00,15.33,0.00,0.77,4,1.0000,41.00,2.25,9,27,27,16,0.520,-0.490,13.98,0.00,10.59,118
18035,0.00,-4.69,11.25,0.00,-0.233,87,3484,13,8,0.00,15.33,0.00,0.77,4,1.0000,39.00,2.23,9,25,25,16,0.470,-0.540,11.59,0.00,9.80,118
18072,0.00,-4.69,11.71,0.00,-0.145,87,3459,10,4,0.00,15.09,0.00,0.77,4,1.0000,36.00,2.21,9,21,22,16,0.390,-0.620,6.96,0.00,9.02,118
18100,0.00,-4.69,12.52,0.00,-0.027,87,3351,6,2,0.00,14.70,0.00,0.77,4,1.0000,29.50,2.14,9,14,13,16,0.320,-0.690,7.57,0.00,8.63,117
18131,0.00,-4.69,12.75,0.00,0.005,87,3336,5,2,0.00,14.70,0.00,0.77,4,1.0000,28.50,2.14,9,12,13,16,0.310,-0.690,7.73,0.00,8.63,117
18158,0.00,-4.69,12.98,0.00,0.005,87,3289,5,2,0.00,14.70,0.00,0.77,4,1.0000,27.00,2.10,9,10,10,16,0.300,-0.700,8.21,0.00,8.63,117
18192,0.00,-4.69,13.09,0.00,0.005,87,3226,4,2,0.00,14.70,0.00,0.77,4,1.0000,25.50,2.06,9,9,9,16,0.300,-0.710,8.29,0.00,8.63,117
18219,0.00,-4.69,13.32,0.00,0.019,87,3197,3,1,0.00,14.70,0.00,0.77,4,1.0000,24.50,2.05,9,7,6,16,0.300,-0.710,8.21,0.00,8.63,117
18279,0.00,-4.69,13.55,0.00,0.019,87,3121,2,1,0.00,14.70,0.00,0.77,4,1.0000,24.00,2.00,9,6,5,16,0.300,-0.710,8.01,0.00,8.63,117
18317,0.00,-2.34,14.13,0.00,0.022,87,2996,1,1,0.00,14.70,0.00,0.77,4,1.0000,24.00,1.92,9,4,4,16,0.290,-0.710,7.85,0.00,8.63,117
18354,0.00,-2.34,14.59,0.00,0.020,87,2914,1,1,0.00,14.70,0.00,0.77,4,1.0000,24.00,1.87,9,3,4,16,0.300,-0.710,8.17,0.00,8.24,117
18385,0.00,-2.34,15.16,0.00,0.013,87,2836,1,1,0.00,14.70,0.00,0.77,4,1.0000,24.00,1.82,9,3,3,16,0.300,-0.710,8.09,0.00,8.24,117
18418,0.00,-2.34,16.19,0.00,0.013,87,2768,1,1,0.00,14.70,0.00,0.77,4,1.0000,24.00,1.77,9,2,3,16,0.290,-0.710,7.37,0.00,8.24,117
18444,0.00,-2.34,16.88,0.00,0.010,87,2719,1,1,0.00,14.70,0.00,0.77,4,1.0000,24.00,1.74,9,1,1,16,0.290,-0.710,7.61,0.00,7.84,116
18481,0.00,-2.34,17.23,0.00,0.013,87,2722,1,1,0.00,14.70,0.00,0.77,4,1.0000,24.00,1.74,9,1,0,16,0.290,-0.720,7.33,0.00,7.84,116
18498,0.00,-2.34,17.80,0.00,0.013,87,2690,1,1,0.00,14.70,0.00,0.77,4,1.0000,24.00,1.72,9,1,0,16,0.290,-0.720,7.14,0.00,7.84,116
18521,0.00,-2.34,19.29,0.00,0.016,87,2687,1,1,0.00,14.70,0.00,0.77,4,1.0000,24.00,1.72,9,0,0,16,0.280,-0.720,6.96,0.00,7.84,116
18545,0.00,-2.34,20.33,0.00,0.018,87,2653,1,1,0.00,14.70,0.00,0.77,5,1.0000,24.00,1.70,9,0,0,16,0.280,-0.730,6.89,0.00,7.45,116
18563,0.00,-2.34,20.33,0.00,0.018,87,2662,1,1,0.00,14.70,0.00,0.77,5,1.0000,24.00,1.70,9,0,0,16,0.270,-0.730,6.64,0.00,7.45,116
18595,0.00,-2.34,20.33,0.00,0.027,87,2641,1,1,0.00,14.70,0.00,0.77,5,1.0000,24.00,1.69,9,1,0,16,0.270,-0.740,6.64,0.00,7.45,115
18608,0.00,-2.34,20.33,0.00,0.027,87,2632,1,1,0.00,14.70,0.00,0.77,5,1.0000,24.00,1.68,9,0,0,16,0.260,-0.740,6.53,0.00,7.45,115
18673,0.00,-2.34,20.33,0.00,0.031,87,2619,1,1,0.00,14.70,0.00,0.77,5,1.0000,24.00,1.68,9,1,0,16,0.260,-0.740,6.46,0.00,7.45,115
18691,0.00,-2.34,20.33,0.00,0.035,87,2608,1,1,0.00,14.70,0.00,0.77,5,1.0000,24.00,1.67,9,0,0,16,0.260,-0.750,6.64,0.00,7.45,115
18710,0.00,-2.34,20.33,0.00,0.035,87,2581,1,1,0.00,14.70,0.00,0.77,5,1.0000,24.00,1.65,9,1,0,16,0.260,-0.750,6.53,0.00,7.45,114
18743,0.00,-2.34,20.33,0.00,0.039,87,2572,1,1,0.00,14.70,0.00,0.77,5,1.0000,24.00,1.65,9,1,0,16,0.250,-0.750,6.50,0.00,7.06,114
18769,0.00,-2.34,20.33,0.00,0.039,87,2583,1,1,0.00,14.70,0.00,0.77,5,1.0000,24.00,1.65,9,1,0,16,0.250,-0.750,6.43,0.00,7.06,114
18796,0.00,-2.34,20.33,0.00,0.039,87,2580,1,1,0.00,14.70,0.00,0.77,5,1.0000,24.00,1.65,9,0,0,16,0.250,-0.750,6.39,0.00,7.45,113
18825,0.00,-2.34,20.33,0.00,0.040,87,2577,1,1,0.00,14.70,0.00,0.77,5,1.0000,24.00,1.65,9,1,0,16,0.250,-0.750,6.50,0.00,7.45,113
18851,0.00,-2.34,20.33,0.00,0.040,87,2555,1,1,0.00,14.70,0.00,0.77,5,1.0000,24.00,1.64,9,1,0,16,0.250,-0.760,6.57,0.00,7.06,113
18878,0.00,-2.34,20.33,0.00,0.040,87,2552,1,1,0.00,14.70,0.00,0.77,5,1.0000,24.00,1.63,9,1,0,16,0.250,-0.760,6.43,0.00,7.45,113
18905,0.00,-2.34,20.33,0.00,0.040,87,2548,1,1,0.00,14.70,0.00,0.77,5,1.0000,24.00,1.63,9,1,0,16,0.250,-0.760,6.50,0.00,7.45,113
18954,0.00,-2.34,20.33,0.00,0.040,87,2546,0,1,0.00,14.70,0.00,0.77,5,1.0000,24.00,1.63,9,1,0,16,0.250,-0.760,6.53,0.00,7.06,113
18981,0.00,-2.34,20.33,0.00,0.040,87,2556,0,1,0.00,14.70,0.00,0.77,5,1.0000,24.00,1.64,9,1,0,16,0.250,-0.760,6.29,0.00,7.06,112
19021,0.00,-2.34,20.33,0.00,0.041,87,2553,0,1,0.00,14.70,0.00,0.77,5,1.0000,24.00,1.63,9,1,0,16,0.250,-0.760,6.53,0.00,7.06,112
19041,0.00,-2.34,20.33,0.00,0.043,87,2530,1,1,0.00,14.70,0.00,0.77,5,1.0000,24.00,1.62,9,1,0,16,0.250,-0.760,6.36,0.00,7.45,112
